{
    "Regions": {
        "040d91ea-6984-4a56-9e72-64f87834e145": "Central",
        "bded0c6f-e2ab-4177-84e1-de69c69cd6e5": "East Central",
        "4cc0e31e-bd46-4632-9c36-5f3c2628ef64": "North Central",
        "258e213d-a47a-4545-9a94-7ab1449d9f67": "Northeast",
        "5c97e64d-8598-482a-bbcd-e61684f34389": "Northwest",
        "a74fec7a-75da-4faf-8e56-d8af1ce8d5e6": "Southeast",
        "14e1f3bb-d8a6-42fa-a375-c03a0bd89b53": "Southwest",
        "602d53f7-f371-4603-8e5b-40e2b341cb94": "West Central"
    },
    "Yes or No": {
        "40e034ec-263c-465e-afd6-e22380d8c339": "NO",
        "c034d3e2-a004-4589-a112-0252bc31c689": "YES"
    },
    "Managed Area Category": {
        "91531c69-fa67-40e0-87a2-4521811fdd78": "Aquatic Preserve",
        "5defe181-f6ef-41fa-9906-51d4cf8d6e6a": "Fish and Wildlife Conservation Commission",
        "868cf814-2870-46e7-b501-7b8f8b42df83": "State Forest",
        "e253e5a4-9c82-45e2-9cd1-5b2dc2eae407": "State Parks",
        "298eaaf4-1aa8-4043-b03d-86e07472c53c": "Water Management District"
    },
    "Managed Area Name": {
        "168edd1b-fde0-11e9-b88f-0abff18d581c": "Adams Ranch Agricultural and Conservation Easement #1",
        "177cd64d-fde0-11e9-b88f-0abff18d581c": "Addison Blockhouse Historic State Park",
        "177cd761-fde0-11e9-b88f-0abff18d581c": "Alafia River State Park",
        "177cd769-fde0-11e9-b88f-0abff18d581c": "Alfred B. Maclay Gardens State Park",
        "177cd779-fde0-11e9-b88f-0abff18d581c": "Allen David Broussard Catfish Creek Preserve State Park",
        "168edc93-fde0-11e9-b88f-0abff18d581c": "Amelia Island State Park",
        "177cd76d-fde0-11e9-b88f-0abff18d581c": "Anastasia State Park",
        "18ad92e2-fde0-11e9-b88f-0abff18d581c": "Anclote Key Preserve State Park",
        "177cd715-fde0-11e9-b88f-0abff18d581c": "Andrews Wildlife Management Area",
        "177cd7a1-fde0-11e9-b88f-0abff18d581c": "Apalachee Wildlife Management Area",
        "177cd70d-fde0-11e9-b88f-0abff18d581c": "Apalachicola National Estuarine Research Reserve",
        "168eddbf-fde0-11e9-b88f-0abff18d581c": "Apalachicola River Wildlife and Environmental Area",
        "177cd69d-fde0-11e9-b88f-0abff18d581c": "Atlantic Ridge Preserve State Park",
        "177cd7cd-fde0-11e9-b88f-0abff18d581c": "Aucilla Wildlife Management Area",
        "177cd71d-fde0-11e9-b88f-0abff18d581c": "Avalon State Park",
        "168ede0f-fde0-11e9-b88f-0abff18d581c": "Babcock Ranch Preserve",
        "18ad92d2-fde0-11e9-b88f-0abff18d581c": "Bahia Honda State Park",
        "177cd6a9-fde0-11e9-b88f-0abff18d581c": "Bald Point State Park",
        "52294bb5-892b-478a-b2ef-6361a0fb39cd": "Bayard Conservation Area",
        "168eddc7-fde0-11e9-b88f-0abff18d581c": "Bell Ridge Longleaf Wildlife and Environmental Area",
        "177cd741-fde0-11e9-b88f-0abff18d581c": "Belmore State Forest",
        "18ad9296-fde0-11e9-b88f-0abff18d581c": "Big Bend Wildlife Management Area",
        "168edc8b-fde0-11e9-b88f-0abff18d581c": "Big Lagoon State Park",
        "168edcaf-fde0-11e9-b88f-0abff18d581c": "Big Shoals State Forest",
        "177cd73d-fde0-11e9-b88f-0abff18d581c": "Big Shoals State Park",
        "168edc9b-fde0-11e9-b88f-0abff18d581c": "Big Talbot Island State Park",
        "177cd771-fde0-11e9-b88f-0abff18d581c": "Bill Baggs Cape Florida State Park",
        "3500b3ae-26e0-47cc-884e-47ca98fa69f3": "Black Creek Ravines Conservation Area",
        "e8039c12-d678-412e-8512-38a48a1f8e47": "Black Sink Prairie",
        "177cd7e9-fde0-11e9-b88f-0abff18d581c": "Blackwater Heritage State Trail",
        "168edd3f-fde0-11e9-b88f-0abff18d581c": "Blackwater River State Forest",
        "168edcf3-fde0-11e9-b88f-0abff18d581c": "Blackwater River State Park",
        "136a3194-e59c-422f-ad72-65f808513957": "Blue Cypress Conservation Area",
        "177cd6fd-fde0-11e9-b88f-0abff18d581c": "Blue Spring State Park",
        "18ad934e-fde0-11e9-b88f-0abff18d581c": "Box-R Wildlife Management Area",
        "18ad9312-fde0-11e9-b88f-0abff18d581c": "Branan Field Wildlife and Environmental Area",
        "ae879de9-5dcb-4c57-93fd-f0ce81d03326": "Buck Lake Conservation Area",
        "177cd75d-fde0-11e9-b88f-0abff18d581c": "Bullfrog Creek Wildlife and Environmental Area",
        "177cd751-fde0-11e9-b88f-0abff18d581c": "Bulow Creek State Park",
        "177cd74d-fde0-11e9-b88f-0abff18d581c": "Bulow Plantation Ruins Historic State Park",
        "cf839829-ed52-44b3-b224-4d47289c6396": "C-54 Canal",
        "168edd8f-fde0-11e9-b88f-0abff18d581c": "Caladesi Island State Park",
        "18ad9342-fde0-11e9-b88f-0abff18d581c": "Camp Helen State Park",
        "18ad92c6-fde0-11e9-b88f-0abff18d581c": "Camp Lonesome Agricultural and Conservation Easement #1",
        "52f2cba5-53cd-46ce-88f9-c3ca0e9abb04": "Canaveral Marshes Conservation Area",
        "177cd709-fde0-11e9-b88f-0abff18d581c": "Cape St. George State Reserve",
        "177cd801-fde0-11e9-b88f-0abff18d581c": "Caravelle Ranch Wildlife Management Area",
        "168edd03-fde0-11e9-b88f-0abff18d581c": "Carl Duval Moore State Forest and Park",
        "168edd33-fde0-11e9-b88f-0abff18d581c": "Cary State Forest",
        "168edd83-fde0-11e9-b88f-0abff18d581c": "Cayo Costa State Park",
        "177cd6ad-fde0-11e9-b88f-0abff18d581c": "Cedar Key Museum State Park",
        "168edd73-fde0-11e9-b88f-0abff18d581c": "Cedar Key Scrub State Reserve",
        "168edd7b-fde0-11e9-b88f-0abff18d581c": "Charles H. Bronson State Forest",
        "177cd83d-fde0-11e9-b88f-0abff18d581c": "Charlotte Harbor Preserve State Park",
        "177cd6a1-fde0-11e9-b88f-0abff18d581c": "Chassahowitzka Wildlife Management Area",
        "177cd7b9-fde0-11e9-b88f-0abff18d581c": "Chinquapin Farm Phase 1A Gopher Tortoise Recipient Site",
        "177cd7b1-fde0-11e9-b88f-0abff18d581c": "Chinquapin Farm Phase 1B Gopher Tortoise Recipient Site",
        "177cd7dd-fde0-11e9-b88f-0abff18d581c": "Chinsegut Wildlife and Environmental Area",
        "40e105b0-325f-4cd2-85bb-345f02d72df2": "Choctawhatchee River Wildlife Management Area",
        "168eddf7-fde0-11e9-b88f-0abff18d581c": "Circle Pines Farm Agricultural and Conservation Easement",
        "8d116a6a-f9ee-46f7-ae81-2dad4109caaf": "Clark Bay Conservation Area",
        "168edd2f-fde0-11e9-b88f-0abff18d581c": "Cockroach Bay Preserve State Park",
        "168eddfb-fde0-11e9-b88f-0abff18d581c": "Collier-Seminole State Park",
        "177cd63d-fde0-11e9-b88f-0abff18d581c": "Colt Creek State Park",
        "18ad929a-fde0-11e9-b88f-0abff18d581c": "Constitution Convention Museum State Park",
        "18ad933e-fde0-11e9-b88f-0abff18d581c": "Cottage Hill State Forest",
        "a196a613-cdc8-41bc-9046-763ab917ec3e": "Crescent Lake Conservation Area",
        "168eddcf-fde0-11e9-b88f-0abff18d581c": "Crooked Lake Wildlife and Environmental Area",
        "177cd7c1-fde0-11e9-b88f-0abff18d581c": "Crystal River Archaeological State Park",
        "177cd795-fde0-11e9-b88f-0abff18d581c": "Crystal River Preserve State Park",
        "168edd8b-fde0-11e9-b88f-0abff18d581c": "Curry Hammock State Park",
        "168edca3-fde0-11e9-b88f-0abff18d581c": "Dade Battlefield Historic State Park",
        "177cd705-fde0-11e9-b88f-0abff18d581c": "Dagny Johnson Key Largo Hammock Botanical State Park",
        "177cd62d-fde0-11e9-b88f-0abff18d581c": "De Leon Springs State Park",
        "bb8fb873-4122-4cd9-a3cb-27f840d81558": "Deep Creek Conservation Area",
        "168edd47-fde0-11e9-b88f-0abff18d581c": "Deep Creek State Forest",
        "177cd6b1-fde0-11e9-b88f-0abff18d581c": "Deer Lake State Park",
        "177cd775-fde0-11e9-b88f-0abff18d581c": "Delnor-Wiggins Pass State Park",
        "18ad92aa-fde0-11e9-b88f-0abff18d581c": "Devil's Millhopper Geological State Park",
        "5175b38f-565a-4b9a-95fa-a55a18d99afb": "Devils Hammock Wildlife Management Area",
        "18ad92fe-fde0-11e9-b88f-0abff18d581c": "Dinner Island Ranch Wildlife Management Area",
        "168edc7f-fde0-11e9-b88f-0abff18d581c": "Don Pedro Island State Park",
        "18ad92b2-fde0-11e9-b88f-0abff18d581c": "Dr. Julian G. Bruce St. George Island State Park",
        "177cd781-fde0-11e9-b88f-0abff18d581c": "Dr. Von D. Mizell-Eula Johnson State Park",
        "168edd0b-fde0-11e9-b88f-0abff18d581c": "Dudley Farm Historic State Park",
        "93252c1c-a3f3-42e0-bb59-a8421864d1b4": "Dunns Creek Conservation Area",
        "168edce3-fde0-11e9-b88f-0abff18d581c": "Dunns Creek State Park",
        "177cd7ed-fde0-11e9-b88f-0abff18d581c": "Econfina River State Park",
        "b305d203-b93f-479d-b366-2ccffa3d96d3": "Econlockhatchee Sandhills Conservation Area",
        "177cd7b5-fde0-11e9-b88f-0abff18d581c": "Eden Gardens State Park",
        "168edccf-fde0-11e9-b88f-0abff18d581c": "Edward Ball Wakulla Springs State Park",
        "18ad9302-fde0-11e9-b88f-0abff18d581c": "Egmont Key",
        "18ad9322-fde0-11e9-b88f-0abff18d581c": "Ellie Schiller Homosassa Springs Wildlife State Park",
        "12981f45-968b-43a6-811a-2fa3afc94c77": "Emeralda Marsh Conservation Area",
        "168eddd3-fde0-11e9-b88f-0abff18d581c": "Escribano Point Wildlife Management Area",
        "168eddbb-fde0-11e9-b88f-0abff18d581c": "Estero Bay Preserve State Park",
        "18ad92a2-fde0-11e9-b88f-0abff18d581c": "Etoniah Creek State Forest",
        "168edd27-fde0-11e9-b88f-0abff18d581c": "Evans Agricultural and Conservation Easement",
        "177cd731-fde0-11e9-b88f-0abff18d581c": "Everglades and Francis S. Taylor Wildlife Management Area",
        "177cd7f5-fde0-11e9-b88f-0abff18d581c": "FWC Mitigation Parcel",
        "168ede1f-fde0-11e9-b88f-0abff18d581c": "Fakahatchee Strand Preserve State Park",
        "18ad9346-fde0-11e9-b88f-0abff18d581c": "Falling Waters State Park",
        "168edd6f-fde0-11e9-b88f-0abff18d581c": "Fanning Springs State Park",
        "177cd6b9-fde0-11e9-b88f-0abff18d581c": "Faver-Dykes State Park",
        "ec4f03a9-d8f8-4282-a916-c5881060b1d3": "Fellsmere Water Management Area",
        "177cd6bd-fde0-11e9-b88f-0abff18d581c": "Fernandina Plaza Historic State Park",
        "177cd6ed-fde0-11e9-b88f-0abff18d581c": "Fisheating Creek Wildlife Management Area",
        "168edcf7-fde0-11e9-b88f-0abff18d581c": "Fisheating Creek/Lykes Brothers Conservation Easement",
        "177cd6c5-fde0-11e9-b88f-0abff18d581c": "Florida Caverns State Park",
        "168eddaf-fde0-11e9-b88f-0abff18d581c": "Florida Keys Overseas Heritage State Trail",
        "177cd7f9-fde0-11e9-b88f-0abff18d581c": "Florida Keys Wildlife and Environmental Area",
        "18ad92de-fde0-11e9-b88f-0abff18d581c": "Forest Capital Museum State Park",
        "168edd97-fde0-11e9-b88f-0abff18d581c": "Fort Clinch State Park",
        "177cd789-fde0-11e9-b88f-0abff18d581c": "Fort Cooper State Park",
        "6602541d-0355-4d0b-8217-311ca4c820fa": "Fort Drum Marsh Conservation Area",
        "168edd13-fde0-11e9-b88f-0abff18d581c": "Fort George Island Cultural State Park",
        "18ad9326-fde0-11e9-b88f-0abff18d581c": "Fort Mose Historic State Park",
        "177cd7d1-fde0-11e9-b88f-0abff18d581c": "Fort Pierce Inlet State Park",
        "177cd739-fde0-11e9-b88f-0abff18d581c": "Fort White Wildlife and Environmental Area",
        "177cd679-fde0-11e9-b88f-0abff18d581c": "Fort Zachary Taylor Historic State Park",
        "168edd5b-fde0-11e9-b88f-0abff18d581c": "Four Creeks State Forest",
        "177cd841-fde0-11e9-b88f-0abff18d581c": "Fred C. Babcock-Cecil M. Webb Wildlife Management Area",
        "18ad932a-fde0-11e9-b88f-0abff18d581c": "Fred Gannon Rocky Bayou State Park",
        "168edd07-fde0-11e9-b88f-0abff18d581c": "GTMNERR - Guana River Site",
        "177cd835-fde0-11e9-b88f-0abff18d581c": "Gainesville-to-Hawthorne State Trail",
        "177cd77d-fde0-11e9-b88f-0abff18d581c": "Gamble Rogers Memorial State Recreation Area at Flagler Beach",
        "18ad92e6-fde0-11e9-b88f-0abff18d581c": "Gasparilla Island State Park",
        "177cd685-fde0-11e9-b88f-0abff18d581c": "General James A. Van Fleet State Trail",
        "168edd17-fde0-11e9-b88f-0abff18d581c": "George Crady Bridge Fishing Pier State Park",
        "b3f9ed93-fe28-408b-a7ef-1f3b512d508d": "Goethe State Forest",
        "7dce6112-13a5-46c8-bea3-be48da15b037": "Goethe Wildlife Management Area",
        "0e4ed5c5-f672-42a6-8e4c-24759250f00c": "Gourd Island Conservation Area",
        "177cd6b5-fde0-11e9-b88f-0abff18d581c": "Grayton Beach State Park",
        "177cd745-fde0-11e9-b88f-0abff18d581c": "Grissom Parkway",
        "c15a0b4d-5165-4c5f-aa21-0d2431ee35fb": "Grove Park Wildlife Management Area",
        "168edd5f-fde0-11e9-b88f-0abff18d581c": "Guana River Wildlife Management Area",
        "177cd6d5-fde0-11e9-b88f-0abff18d581c": "Guana Tolomato Matanzas National Estuarine Research Reserve",
        "02c70459-0223-4019-972b-373a309fbce7": "Gulf Hammock Wildlife Management Area",
        "2f56e347-e9bc-497b-9c28-c3d901e75b75": "HDS - Clay County Monitoring Well Site",
        "ee2d54d4-b81c-4ffd-85be-5d42ec59726e": "Hal Scott Regional Preserve and Park",
        "177cd729-fde0-11e9-b88f-0abff18d581c": "Half Moon Wildlife Management Area",
        "177cd7e5-fde0-11e9-b88f-0abff18d581c": "Hatchineha Ranch Conservation Bank Conservation Easements",
        "18ad931e-fde0-11e9-b88f-0abff18d581c": "Haw Creek Preserve State Park",
        "ca300d97-b3ad-4971-ada1-392feb29f89e": "Heart Island Conservation Area",
        "177cd629-fde0-11e9-b88f-0abff18d581c": "Henderson Beach State Park",
        "177cd7c9-fde0-11e9-b88f-0abff18d581c": "Heritage Ranch Section 12 Gopher Tortoise Recipient Sites",
        "168edde3-fde0-11e9-b88f-0abff18d581c": "Herky Huffman/Bull Creek Wildlife Management Area",
        "18ad928a-fde0-11e9-b88f-0abff18d581c": "Hickey Creek Wildlife and Environmental Area",
        "168edc9f-fde0-11e9-b88f-0abff18d581c": "Highlands Hammock State Park",
        "177cd6c1-fde0-11e9-b88f-0abff18d581c": "Hillsborough River State Park",
        "177cd759-fde0-11e9-b88f-0abff18d581c": "Hilochee Wildlife Management Area",
        "168edccb-fde0-11e9-b88f-0abff18d581c": "Holey Land Wildlife Management Area",
        "168edc87-fde0-11e9-b88f-0abff18d581c": "Holopaw State Forest",
        "168edd9b-fde0-11e9-b88f-0abff18d581c": "Honeymoon Island State Park",
        "177cd719-fde0-11e9-b88f-0abff18d581c": "Hontoon Island State Park",
        "168edce7-fde0-11e9-b88f-0abff18d581c": "Hugh Taylor Birch State Park",
        "64851bfc-b84c-4838-8d44-20525a360a2d": "Hull Swamp Conservation Area",
        "177cd7bd-fde0-11e9-b88f-0abff18d581c": "Ichetucknee Springs State Park",
        "168edd77-fde0-11e9-b88f-0abff18d581c": "Ichetucknee Trace State Trail",
        "168edcd3-fde0-11e9-b88f-0abff18d581c": "Indian Key Historic State Park",
        "177cd68d-fde0-11e9-b88f-0abff18d581c": "Indian Lake State Forest",
        "168edc7b-fde0-11e9-b88f-0abff18d581c": "Indian River County Public Shooting Range",
        "168edcb7-fde0-11e9-b88f-0abff18d581c": "Indian River Lagoon Preserve State Park",
        "177cd65d-fde0-11e9-b88f-0abff18d581c": "J. W. Corbett Wildlife Management Area",
        "168edd43-fde0-11e9-b88f-0abff18d581c": "JB Ranch Agricultural and Conservation Easement",
        "168edd4f-fde0-11e9-b88f-0abff18d581c": "Jahreis Ranch Agricultural and Conservation Easement",
        "18ad92ba-fde0-11e9-b88f-0abff18d581c": "Janet Butterfield Brooks Preserve Wildlife and Environmental Area",
        "168eddf3-fde0-11e9-b88f-0abff18d581c": "Jennings State Forest",
        "168ede03-fde0-11e9-b88f-0abff18d581c": "Joe Budd Wildlife Management Area",
        "177cd66d-fde0-11e9-b88f-0abff18d581c": "John C. and Mariana Jones/Hungryland Wildlife and Environmental Area",
        "177cd80d-fde0-11e9-b88f-0abff18d581c": "John D. MacArthur Beach State Park",
        "18ad92ae-fde0-11e9-b88f-0abff18d581c": "John Gorrie Museum State Park",
        "177cd6e5-fde0-11e9-b88f-0abff18d581c": "John M. Bethea State Forest",
        "168eddab-fde0-11e9-b88f-0abff18d581c": "John Pennekamp Coral Reef State Park",
        "177cd6d1-fde0-11e9-b88f-0abff18d581c": "Jonathan Dickinson State Park",
        "18ad92ea-fde0-11e9-b88f-0abff18d581c": "Judah P. Benjamin Confederate Memorial at Gamble Plantation Historic State Park",
        "177cd6a5-fde0-11e9-b88f-0abff18d581c": "Judges Cave Wildlife and Environmental Area",
        "a7cf69c6-f4e1-41fa-b6a7-033442f342e9": "Julington-Durbin Preserve",
        "168edd3b-fde0-11e9-b88f-0abff18d581c": "K-Rocker Agricultural and Conservation Easement",
        "168edde7-fde0-11e9-b88f-0abff18d581c": "Kilbee Ranch Agricultural and Conservation Easement",
        "177cd67d-fde0-11e9-b88f-0abff18d581c": "Kissimmee Prairie Preserve State Park",
        "168edcdf-fde0-11e9-b88f-0abff18d581c": "Koreshan State Historic Site",
        "168edd2b-fde0-11e9-b88f-0abff18d581c": "L. Kirk Edwards Wildlife and Environmental Area",
        "168eddb3-fde0-11e9-b88f-0abff18d581c": "Lafayette Blue Springs State Park",
        "168eddc3-fde0-11e9-b88f-0abff18d581c": "Lafayette Forest Wildlife and Environmental Area",
        "a997ba3f-7d8c-4580-8d5a-f0d777f09348": "Lake Apopka North Shore",
        "ed45a320-c8e5-4874-8b01-ae6f71dbebcf": "Lake George Conservation Area",
        "177cd749-fde0-11e9-b88f-0abff18d581c": "Lake George State Forest",
        "177cd631-fde0-11e9-b88f-0abff18d581c": "Lake Griffin State Park",
        "0d4de15c-d6ce-4596-adae-e7639fbcb1b0": "Lake Harris Conservation Area",
        "168edd7f-fde0-11e9-b88f-0abff18d581c": "Lake Jackson Mounds Archaeological State Park",
        "004747a0-3f7d-4056-8da0-29c5366ff1f8": "Lake Jesup Conservation Area",
        "177cd721-fde0-11e9-b88f-0abff18d581c": "Lake June-in-Winter Scrub State Park",
        "177cd649-fde0-11e9-b88f-0abff18d581c": "Lake Kissimmee State Park",
        "168edd9f-fde0-11e9-b88f-0abff18d581c": "Lake Louisa State Park",
        "177cd821-fde0-11e9-b88f-0abff18d581c": "Lake Manatee State Park",
        "6c4c724a-7c73-47a4-931d-1b2564fff70e": "Lake Monroe Conservation Area",
        "7f3ff9e1-e545-4428-96bf-82e67f6be137": "Lake Norris Conservation Area",
        "2f8802b2-c306-4a61-8e72-f44425a5210a": "Lake Okeechobee",
        "177cd659-fde0-11e9-b88f-0abff18d581c": "Lake Stone Fish Management Area",
        "168ede07-fde0-11e9-b88f-0abff18d581c": "Lake Talquin State Forest",
        "168eddff-fde0-11e9-b88f-0abff18d581c": "Lake Talquin State Park",
        "168eddef-fde0-11e9-b88f-0abff18d581c": "Lake Wales Ridge State Forest",
        "18ad928e-fde0-11e9-b88f-0abff18d581c": "Lake Wales Ridge Wildlife and Environmental Area",
        "18ad9366-fde0-11e9-b88f-0abff18d581c": "Letchworth-Love Mounds Archaeological State Park",
        "168edca7-fde0-11e9-b88f-0abff18d581c": "Lignumvitae Key Botanical State Park",
        "168eddeb-fde0-11e9-b88f-0abff18d581c": "Little Big Econ State Forest",
        "177cd639-fde0-11e9-b88f-0abff18d581c": "Little Gator Creek Wildlife and Environmental Area",
        "177cd725-fde0-11e9-b88f-0abff18d581c": "Little Manatee River State Park",
        "168edd0f-fde0-11e9-b88f-0abff18d581c": "Little Talbot Island State Park",
        "19026da8-9765-478a-8f04-089c24e58d9e": "Lochloosa Wildlife Conservation Area",
        "b9782645-3d92-4201-8bc8-771b1fbd2f8a": "Lochloosa Wildlife Management Area",
        "177cd6c9-fde0-11e9-b88f-0abff18d581c": "Long Key State Park",
        "177cd7c5-fde0-11e9-b88f-0abff18d581c": "Longbranch Crossing Gopher Tortoise Recipient Site",
        "32c32e66-a942-48b3-9b54-1d83bde7be42": "Longleaf Flatwoods Reserve",
        "177cd7d5-fde0-11e9-b88f-0abff18d581c": "Lovers Key State Park",
        "177cd7d9-fde0-11e9-b88f-0abff18d581c": "Lower Wekiva River Preserve State Park",
        "177cd785-fde0-11e9-b88f-0abff18d581c": "Madira Bickel Mound State Archaeological Site",
        "177cd6d9-fde0-11e9-b88f-0abff18d581c": "Madison Blue Spring",
        "168edcbf-fde0-11e9-b88f-0abff18d581c": "Makinson Island Conservation Area",
        "177cd809-fde0-11e9-b88f-0abff18d581c": "Manatee Springs State Park",
        "18ad92be-fde0-11e9-b88f-0abff18d581c": "Marjorie Harris Carr Cross Florida Greenway State Recreation and Conservation Area",
        "168edd1f-fde0-11e9-b88f-0abff18d581c": "Marjorie Kinnan Rawlings Historic State Park",
        "177cd661-fde0-11e9-b88f-0abff18d581c": "Marsh View Preserve",
        "177cd689-fde0-11e9-b88f-0abff18d581c": "Matanzas State Forest",
        "168edceb-fde0-11e9-b88f-0abff18d581c": "Micco Expansion",
        "d296d240-a576-41da-858a-2497da6af0a0": "Micco Water Management Area",
        "18ad92fa-fde0-11e9-b88f-0abff18d581c": "Mike Roess Gold Head Branch State Park",
        "177cd815-fde0-11e9-b88f-0abff18d581c": "Moody Branch Wildlife and Environmental Area",
        "168edd6b-fde0-11e9-b88f-0abff18d581c": "Morgan Lake Wales Preserve Conservation Bank Conservation Easement",
        "acde6eb7-e603-4969-9983-6807ad099f13": "Moses Creek Conservation Area",
        "45132b62-c91a-4d74-a1c7-a02bd6ed8594": "Moss Bluff Lock and Dam",
        "18ad92ee-fde0-11e9-b88f-0abff18d581c": "Mound Key Archaeological State Park",
        "93006d75-6cc3-48ce-b069-c07a905b569b": "Murphy Creek Conservation Area",
        "18ad92c2-fde0-11e9-b88f-0abff18d581c": "Myakka River State Park",
        "177cd7a5-fde0-11e9-b88f-0abff18d581c": "Myakka State Forest",
        "177cd6cd-fde0-11e9-b88f-0abff18d581c": "Natural Bridge Battlefield Historic State Park",
        "168edd37-fde0-11e9-b88f-0abff18d581c": "Nature Coast State Trail",
        "6b68f1ef-0417-4b03-914c-27d7269484a6": "Newnans Lake Conservation Area",
        "168ede0b-fde0-11e9-b88f-0abff18d581c": "Newnans Lake State Forest",
        "168edcff-fde0-11e9-b88f-0abff18d581c": "North Peninsula State Park",
        "ce4ce7e2-7035-4cb1-832e-db11fcea4729": "North Region Mitigation Archipelago",
        "5b6f60b8-fc22-45d4-a5eb-ff0efb6a654d": "Northwest Florida Water Management District",
        "177cd829-fde0-11e9-b88f-0abff18d581c": "O'leno State Park",
        "177cd681-fde0-11e9-b88f-0abff18d581c": "Ochlockonee River State Park",
        "6eabd885-4b33-48c6-837b-a948d44179eb": "Ocklawaha Prairie Restoration Area",
        "168edd57-fde0-11e9-b88f-0abff18d581c": "Okaloacoochee Slough State Forest",
        "177cd645-fde0-11e9-b88f-0abff18d581c": "Okaloacoochee Slough Wildlife Management Area",
        "168edd63-fde0-11e9-b88f-0abff18d581c": "Okeechobee Battlefield Historic State Park",
        "177cd825-fde0-11e9-b88f-0abff18d581c": "Oleta River State Park",
        "18ad92f6-fde0-11e9-b88f-0abff18d581c": "Olustee Battlefield Historic State Park",
        "295a7d44-7f94-4a45-82af-beabdba51c13": "Orange Creek Restoration Area",
        "168edcab-fde0-11e9-b88f-0abff18d581c": "Orman House Historic State Park",
        "168edc97-fde0-11e9-b88f-0abff18d581c": "Oscar Scherer State Park",
        "177cd635-fde0-11e9-b88f-0abff18d581c": "Osprey Unit",
        "18ad92a6-fde0-11e9-b88f-0abff18d581c": "Palatka-to-Lake Butler State Trail",
        "168edd23-fde0-11e9-b88f-0abff18d581c": "Palatka-to-St. Augustine State Trail",
        "cfd0cdb5-e5ec-4b27-aad8-9dc4fb82b78c": "Palm Bluff Conservation Area",
        "168edc8f-fde0-11e9-b88f-0abff18d581c": "Panther Passage Conservation Bank Conservation Easement",
        "177cd691-fde0-11e9-b88f-0abff18d581c": "Paradise Island",
        "18ad9352-fde0-11e9-b88f-0abff18d581c": "Paynes Creek Historic State Park",
        "177cd831-fde0-11e9-b88f-0abff18d581c": "Paynes Prairie Preserve State Park",
        "18ad9292-fde0-11e9-b88f-0abff18d581c": "Peace River State Forest",
        "272990c3-e657-4109-9dc3-d42a8d9eec68": "Pellicer Creek Conservation Area",
        "18ad930e-fde0-11e9-b88f-0abff18d581c": "Perdido Key State Park",
        "177cd765-fde0-11e9-b88f-0abff18d581c": "Perry Oldenburg Wildlife and Environmental Area",
        "168ede13-fde0-11e9-b88f-0abff18d581c": "Phillips Mathis Agricultural and Conservation Easement",
        "86c8cf19-6826-4699-9651-3d067dbf44f5": "Picayune Strand State Forest",
        "a07e76d8-1dfd-4227-8916-3b7e82ffae47": "Picayune Strand Wildlife Management Area",
        "168edcfb-fde0-11e9-b88f-0abff18d581c": "Pine Log State Forest",
        "54f5227e-e35d-4cde-85ec-071bd9007160": "Plank Road State Forest",
        "177cd665-fde0-11e9-b88f-0abff18d581c": "Platt Branch Wildlife and Environmental Area",
        "1b0da97c-cdd7-487c-b995-c0a121c09c82": "Point Washington State Forest",
        "3b2ad895-5d1d-4860-ab4b-a65507774b4e": "Point Washington Wildlife Management Area",
        "177cd6dd-fde0-11e9-b88f-0abff18d581c": "Ponce de Leon Springs State Park",
        "18ad92da-fde0-11e9-b88f-0abff18d581c": "Price's Scrub State Park",
        "18ad936a-fde0-11e9-b88f-0abff18d581c": "Pumpkin Hill Creek Preserve State Park",
        "18ad932e-fde0-11e9-b88f-0abff18d581c": "Rainbow Springs State Park",
        "18ad9316-fde0-11e9-b88f-0abff18d581c": "Ralph E. Simmons State Forest",
        "177cd78d-fde0-11e9-b88f-0abff18d581c": "Ravine Gardens State Park",
        "94a8c6d8-783b-4f24-9bd5-6c0e8a856ea2": "Rice Creek Conservation Area",
        "d915b2fb-adc8-43ff-bf7c-e54e292b8e16": "River Lakes Conservation Area",
        "177cd82d-fde0-11e9-b88f-0abff18d581c": "River Rise Preserve State Park",
        "168edcef-fde0-11e9-b88f-0abff18d581c": "Roberts Property",
        "177cd7ad-fde0-11e9-b88f-0abff18d581c": "Rock Springs Run State Reserve",
        "168ede1b-fde0-11e9-b88f-0abff18d581c": "Rookery Bay National Estuarine Research Reserve",
        "177cd699-fde0-11e9-b88f-0abff18d581c": "Rookery Bay Reserve Lands",
        "177cd6f5-fde0-11e9-b88f-0abff18d581c": "Ross Prairie State Forest",
        "168edcc7-fde0-11e9-b88f-0abff18d581c": "Rotenberger Wildlife Management Area",
        "753856e8-97df-4e33-a464-6145f599b4f6": "Ruth B. Kirby Gilchrist Blue Springs State Park",
        "168eddd7-fde0-11e9-b88f-0abff18d581c": "S. Y. Hartt Agricultural and Conservation Easement North",
        "168edddb-fde0-11e9-b88f-0abff18d581c": "S. Y. Hartt Agricultural and Conservation Easement South",
        "177cd695-fde0-11e9-b88f-0abff18d581c": "Salt Lake Wildlife Management Area",
        "168edd93-fde0-11e9-b88f-0abff18d581c": "San Felasco Hammock Preserve State Park",
        "18ad9332-fde0-11e9-b88f-0abff18d581c": "San Marcos de Apalache Historic State Park",
        "18ad935e-fde0-11e9-b88f-0abff18d581c": "San Pedro Underwater Archaeological Preserve State Park",
        "ee1c2d9b-a46e-46b3-9d78-3674f4f6a48f": "Sand Lakes Restoration Area",
        "168ede23-fde0-11e9-b88f-0abff18d581c": "Savannas Preserve State Park",
        "177cd651-fde0-11e9-b88f-0abff18d581c": "Seabranch Preserve State Park",
        "168edda3-fde0-11e9-b88f-0abff18d581c": "Sebastian Inlet State Park",
        "2dce3485-252f-409b-aee8-be78c50beb0a": "Seminole Ranch Conservation Area",
        "168ede17-fde0-11e9-b88f-0abff18d581c": "Seminole State Forest",
        "bfe65213-9c98-42dc-881a-44e77739e855": "Silver Springs Forest Conservation Area",
        "177cd735-fde0-11e9-b88f-0abff18d581c": "Silver Springs State Park",
        "168edd87-fde0-11e9-b88f-0abff18d581c": "Skyway Fishing Pier State Park",
        "18ad92ce-fde0-11e9-b88f-0abff18d581c": "Smith Family Farms Agricultural and Conservation Easements",
        "41df7736-7cd9-4dc1-971b-d488a853c233": "South Florida Water Management District",
        "177cd811-fde0-11e9-b88f-0abff18d581c": "Southfork State Park",
        "8a92c352-404a-488c-bba6-218f92d85f86": "Southwest Florida Water Management District",
        "168edcc3-fde0-11e9-b88f-0abff18d581c": "Spirit of the Wild Wildlife Management Area",
        "177cd6f9-fde0-11e9-b88f-0abff18d581c": "Split Oak Forest Wildlife and Environmental Area",
        "177cd791-fde0-11e9-b88f-0abff18d581c": "St. Andrews State Park",
        "e35de25b-602b-4970-bae1-f5919c6424e8": "St. Johns River Water Management District",
        "177cd671-fde0-11e9-b88f-0abff18d581c": "St. Joseph Bay State Buffer Preserve",
        "177cd755-fde0-11e9-b88f-0abff18d581c": "St. Lucie Inlet Preserve State Park",
        "18ad934a-fde0-11e9-b88f-0abff18d581c": "St. Marks River Preserve State Park",
        "168edcd7-fde0-11e9-b88f-0abff18d581c": "St. Sebastian River Preserve State Park",
        "177cd799-fde0-11e9-b88f-0abff18d581c": "Stephen Foster Folk Culture Center State Park",
        "247594ab-54b5-492b-a812-6deac475d63f": "Stokes Landing Conservation Area",
        "168edd67-fde0-11e9-b88f-0abff18d581c": "Stump Pass Beach State Park",
        "d75b3770-1074-4aa5-846d-a1a8ab51b942": "Sunnyhill Restoration Area",
        "168edd53-fde0-11e9-b88f-0abff18d581c": "Suwannee Ridge Wildlife and Environmental Area",
        "177cd79d-fde0-11e9-b88f-0abff18d581c": "Suwannee River State Park",
        "ae038ca8-45ec-4760-aace-9e89d33f6354": "Suwannee River Water Management District",
        "177cd839-fde0-11e9-b88f-0abff18d581c": "Suwannee River Wilderness State Trail",
        "f238fc66-82e5-4cbb-9c6e-e40e0d4f9a02": "T. H. Stone Memorial St. Joseph Peninsula State Park",
        "18ad9356-fde0-11e9-b88f-0abff18d581c": "T. M. Goodwin Waterfowl Management Area",
        "177cd7a9-fde0-11e9-b88f-0abff18d581c": "Tallahassee-St. Marks Historic Railroad State Trail",
        "177cd675-fde0-11e9-b88f-0abff18d581c": "Tarkiln Bayou Preserve State Park",
        "177cd701-fde0-11e9-b88f-0abff18d581c": "Tate's Hell State Forest",
        "177cd711-fde0-11e9-b88f-0abff18d581c": "Tate's Hell Wildlife Management Area",
        "168edcdb-fde0-11e9-b88f-0abff18d581c": "Ten Mile Ridge",
        "168edcbb-fde0-11e9-b88f-0abff18d581c": "Terra Ceia Preserve State Park",
        "18ad9306-fde0-11e9-b88f-0abff18d581c": "The Barnacle Historic State Park",
        "87140b3e-97d1-4f1f-a323-160c582cd2c6": "Thomas Creek Conservation Area",
        "4fb5264b-ea7f-4f55-bb22-d2e2c14534c1": "Three Forks Conservation Area",
        "177cd641-fde0-11e9-b88f-0abff18d581c": "Three Lakes Wildlife Management Area",
        "18ad92d6-fde0-11e9-b88f-0abff18d581c": "Three Rivers State Park",
        "177cd6f1-fde0-11e9-b88f-0abff18d581c": "Tiger Bay State Forest",
        "177cd6e9-fde0-11e9-b88f-0abff18d581c": "Tomoka State Park",
        "168edddf-fde0-11e9-b88f-0abff18d581c": "Topsail Hill Preserve State Park",
        "177cd819-fde0-11e9-b88f-0abff18d581c": "Torreya State Park",
        "18ad92f2-fde0-11e9-b88f-0abff18d581c": "Tortugas Ecological Reserve",
        "18ad935a-fde0-11e9-b88f-0abff18d581c": "Tosohatchee Wildlife Management Area",
        "168eddcb-fde0-11e9-b88f-0abff18d581c": "Triple N Ranch Wildlife Management Area",
        "168edd4b-fde0-11e9-b88f-0abff18d581c": "Troy Spring State Park",
        "ee6f6a83-7690-473a-9d67-9a0b68e0eee0": "Turnbull Hammock Conservation Area",
        "04052285-92ff-410d-a5f3-ed7f985e0f55": "Twelve Mile Swamp Conservation Area",
        "177cd7e1-fde0-11e9-b88f-0abff18d581c": "Twin Rivers State Forest",
        "177cd805-fde0-11e9-b88f-0abff18d581c": "Waccasassa Bay Preserve State Park",
        "177cd7f1-fde0-11e9-b88f-0abff18d581c": "Wakulla State Forest",
        "18ad92b6-fde0-11e9-b88f-0abff18d581c": "Washington Oaks Gardens State Park",
        "18ad933a-fde0-11e9-b88f-0abff18d581c": "Watermelon Pond Wildlife and Environmental Area",
        "18ad931a-fde0-11e9-b88f-0abff18d581c": "Watson Island State Forest",
        "177cd655-fde0-11e9-b88f-0abff18d581c": "Weeki Wachee Springs State Park",
        "59a316e6-a386-4895-9ccb-0d55b86ca1e7": "Wekiva River Buffer Conservation Area",
        "168edda7-fde0-11e9-b88f-0abff18d581c": "Wekiwa Springs State Park",
        "18ad936e-fde0-11e9-b88f-0abff18d581c": "Welaka State Forest",
        "18ad930a-fde0-11e9-b88f-0abff18d581c": "Werner-Boyce Salt Springs State Park",
        "168edc83-fde0-11e9-b88f-0abff18d581c": "Wes Skiles Peacock Springs State Park",
        "177cd669-fde0-11e9-b88f-0abff18d581c": "Windley Key Fossil Reef Geological State Park",
        "177cd81d-fde0-11e9-b88f-0abff18d581c": "Wingate Creek State Park",
        "18ad92ca-fde0-11e9-b88f-0abff18d581c": "Withlacoochee State Forest",
        "177cd72d-fde0-11e9-b88f-0abff18d581c": "Withlacoochee State Trail",
        "177cd7fd-fde0-11e9-b88f-0abff18d581c": "XL Ranch Agricultural and Conservation Easement",
        "177cd6e1-fde0-11e9-b88f-0abff18d581c": "Ybor City Museum State Park",
        "18ad9336-fde0-11e9-b88f-0abff18d581c": "Yellow Bluff Fort Historic State Park",
        "18ad929e-fde0-11e9-b88f-0abff18d581c": "Yellow River Marsh Preserve State Park",
        "168edcb3-fde0-11e9-b88f-0abff18d581c": "Yucca Pens Unit",
        "18ad9362-fde0-11e9-b88f-0abff18d581c": "Yulee Sugar Mill Ruins Historic State Park"
    },
    "Managing Agency": {
        "e6c345a1-fd17-4691-8415-48690cb6380b": "FL Dept. of Agriculture and Consumer Services, Florida Forest Service",
        "13988bf3-497a-4ce5-9d34-a50c7fce23fb": "FL Dept. of Environmental Protection, Div. of Recreation and Parks",
        "c9d7b1f2-11d3-4452-b2e2-ba8501d2adc8": "FL Dept. of Environmental Protection, Florida Coastal Office",
        "fe8e712a-e401-4cd4-9fc9-8a7b7a7ffeb8": "FL Dept. of Environmental Protection, Office of Water Policy",
        "9c0ea5ed-7d91-4905-85b3-fc00fb6b275f": "FL Fish and Wildlife Conservation Commission"
    },
    "Ownership": {
        "bd34e35e-7b2a-46a3-9557-2b764a2a1785": "City",
        "c57a4eba-2a25-465d-8760-d720550b47f0": "County",
        "04a98be3-d01c-4390-9f8c-dec5504b2159": "Federal",
        "00ca9b7e-1c34-452e-ac99-90a9f6a3f394": "Foreign",
        "5aac72dc-ae0a-402d-b532-bdaceee83e8e": "Local government",
        "8ca351b6-13de-408a-b903-a9822cc6ae0b": "Multiple categories of ownership",
        "1fe6e515-2b32-4024-8944-d5e428838851": "Native American",
        "164a94cc-165b-4f97-bcff-7b2b7f21144a": "Other",
        "a6e13fca-16e4-49bb-ae3d-ab68181d9a97": "Private-corporate-for profit",
        "e107fd5d-3097-4140-a703-51c48a9bb65c": "Private-corporate-nonprofit",
        "f6fcabaf-b7a8-48eb-85e5-1e70910cfc33": "Private-individual",
        "e4553e69-8d32-46a3-86dc-6cc7a6613066": "Private-unspecified",
        "a705acba-8e8a-44bb-be42-af007a58d3dc": "Public-unspecified",
        "269c96fb-98e1-42fb-8fe2-145757795863": "State",
        "8ca643f2-e717-492d-85dd-3272d174b2e8": "Unknown",
        "f6c8c171-2af2-42b8-9f70-4658eff57a6a": "Unspecified by Surveyor"
    },
    "Plot Method": {
        "43dea8e8-3dd6-494c-b7e2-d7e2e7750b34": "D",
        "f21b3330-c64c-460d-b6c7-d28dc7fc91b1": "M",
        "2fc96b3a-5874-4aec-bc28-92838b764c9e": "X"
    },
    "Plot Type": {
        "4a8340fa-d0bd-4035-a2a4-2f68a104f1f6": "GV",
        "62ac28a5-b628-4c71-9c8d-94bb4fbfdf6d": "NORM"
    },
    "SHPO Significance": {
        "efddfc83-a9a6-4760-8634-4f6d7eb6f950": "Eligible for NRHP",
        "ef8642bd-c558-4914-b544-0dd966987e42": "Ineligible for NRHP",
        "313bb781-3c7c-456d-9b11-9b0ed980cee7": "Insufficient Information",
        "6fdf6bd2-7ad4-4a6e-941d-013a11fc9028": "Not Evaluated by SHPO",
        "a9f511f1-ea2b-45fc-85c0-753cd03244fc": "Potentially Eligible for NRHP"
    },
    "Culture": {
        "7216a851-b864-4bed-bfd5-abe90eae4c40": "African-American",
        "ef8f5f0c-e9c5-4615-b7d3-7df9a0c0102f": "Alachua A.D., 1250-A.D. 1600",
        "7a79ba17-f93f-48e8-b3e3-efb88c3ccf7b": "American Acquisition/Territorial Developmt 1821-45",
        "e25de9a7-2fad-4a6e-a4aa-306ebde97413": "American Civil War, 1861-1865",
        "27f669ef-e4f1-4a03-820e-5fdb7e843a9a": "American, 1821-present",
        "f08035db-8e8f-4d54-94c1-c4c06c49fb27": "Archaic, 8500 B.C.-1000 B.C.",
        "b8fc4693-d918-4f2f-a737-b0254ecbc8b3": "Archaic, Early Big Sandy",
        "c1862ce3-84b6-4344-aa55-e3b3ca8c3999": "Belle Glade I",
        "47ab1ee3-d5f4-40ce-9579-a71d98841738": "Belle Glade II",
        "db14bb02-72a9-47bc-9bd7-e2678df9f4fb": "Belle Glade III",
        "e8542ac3-f139-42be-8e1e-044845406dac": "Belle Glade IV",
        "077d54c3-0594-4e95-8444-d010497cd8e8": "Belle Glade, 700 B.C.-A.D. 1700",
        "f979c4c6-bd88-4f7b-bdeb-93774c0bcee5": "Boom Times, 1921-1929",
        "caef8db7-d06b-43b6-9277-28a3c6af56ce": "British, 1763-1783",
        "c7aba4eb-f432-4e1b-9e7e-f7f4d53b9378": "Cades Pond, 300 B.C.-A.D. 800",
        "dc1b5748-1d20-4410-83d4-624dfd833945": "Caloosahatchee I, 500 B.C. - 500 A.D.",
        "6d40a543-ff5a-4b3d-af77-06c97d009f50": "Caloosahatchee IIA, A.D. 500-800",
        "8c3bf3e4-57be-4c4d-831f-12b404fecaca": "Caloosahatchee IIB, A.D. 800-1200",
        "91ac332b-129d-4ec0-8d08-a260011b3b2b": "Caloosahatchee III, A.D. 1200-1350",
        "2ddf50c6-7bd5-4795-9050-11682877a8b6": "Caloosahatchee IV, A.D. 1350-1500",
        "b2bc0d0b-c07b-4fd1-8b5b-224a9f89c031": "Caloosahatchee V, A.D. 1500-1750",
        "3ad138f2-e6ff-4f92-80bb-84c25c99ec5b": "Caloosahatchee, 500 B.C.-1700 A.D.",
        "393be429-20de-47fb-adc8-56a8a2d264cd": "Dalton",
        "c1444bb2-22ee-43c4-aab9-ea897d55f514": "Depression and New Deal, 1930-1940",
        "0da1dcf8-ec9a-4243-a292-9aaa627afc40": "Deptford, 700 B.C.-300 B.C.",
        "bdcfe0d4-2d28-4517-9edc-60464fa6924d": "Dutch",
        "64977286-ccd8-4cb4-8023-dbff19847a23": "Early Archaic",
        "82cf08a4-b524-4b95-a92b-f9aa1b214e18": "Early Archaic Kirk (corner notched or stemmed)",
        "fc065e74-ebc9-4bcd-b57c-13f6c96c4436": "Early Woodland",
        "d5b439dc-71d0-4889-ae2e-5c57e98f872f": "Elliots Point, ca. 1000 B.C.-700 B.C.",
        "988cee77-9eef-4dea-9771-b16ccfeb8df4": "Englewood",
        "7aa28324-562e-449e-8671-08b214d3786b": "European",
        "34637fc3-c178-4104-a664-69fd53bfa215": "First Spanish, 1513-1599",
        "3e3ff7ff-d599-4b6e-aa62-5b32af595dbb": "First Spanish, Early 1600-1699",
        "1b00a108-ec62-46c0-b63c-34b462a8a78b": "First Spanish, Later 1700-1763",
        "6fe0f36a-997f-4298-941a-1158e4484a6d": "French",
        "dcfc21dd-254d-462a-bbe3-73b7ac1333b7": "Ft. Walton, A.D. 1000-1500",
        "f00ef156-103a-43ab-9f67-24c34f3c8f8d": "Glades I, 1000 B.C.-A.D. 750",
        "bc64f2df-d138-4bec-8d58-2ad9089a8a27": "Glades II, A.D. 750-1200",
        "5f15f918-9441-4041-8754-7b713f83efca": "Glades III, A.D. 1000-1700",
        "f9b414d6-043e-4c29-b588-219258b521e9": "Glades IIIa",
        "5ee4f880-8859-4613-ae78-ebecbe85ede2": "Glades IIIb",
        "54e8a8a8-9d92-41d5-9c09-a0174f7bad4b": "Glades IIIc",
        "d4a81378-7659-47ec-914e-6b3d43344cd0": "Glades IIa",
        "adef1cad-60de-45e2-8428-347b4a7d7eb3": "Glades IIb",
        "7caff004-535b-4541-90a0-5e0c279bf4a0": "Glades IIc",
        "35b34d80-915a-488b-97d3-b2845e8382ef": "Glades Ia",
        "9ec56eb3-fcb4-4d26-abbd-654428d1183c": "Glades Ib",
        "05d4b4e9-b165-4af3-807c-93e9d2095dbf": "Glades, 1000 B.C.-A.D. 1700",
        "d5daa926-0e23-448d-a59d-1ead27267ee9": "Hickory Pond, A.D. 800-1250",
        "8c23b938-12c4-463e-a255-f089126a9f79": "Historic",
        "d61ab86a-f588-4f7c-9243-82703f52b8d1": "Indeterminate",
        "54bafd7e-c478-4ddf-8a74-106a7c710366": "Indian Pond, A.D. 950 to Contact",
        "7b71c5be-3697-4311-a507-447eaf000a4d": "Italian",
        "1091ed47-bae4-4085-b256-94ea9d694d89": "Jaketown",
        "d61a59fd-1883-4f9a-93f6-b6310a3fb1df": "Kolomoki",
        "1302b257-45ba-4a14-8cac-196e4b80c889": "Lamar",
        "b23cb5eb-2250-444f-8d47-5a9cbdd30f02": "Late Archaic",
        "9bdc7105-f78b-476b-8b68-32f1f88fe1c4": "Late Woodland",
        "a86ddd64-51f9-4d90-9a17-073ed1c60fc1": "Leon-Jefferson",
        "df995b0d-2660-40e4-a641-377dff29338b": "Lower Creek",
        "56f84f01-6cae-48e7-9c1e-027b74dff5be": "Malabar",
        "4d24fbe0-bee7-4793-8cbc-b5bd973941ed": "Malabar I",
        "52bd8d68-14b4-487e-acd8-9beb1204a834": "Malabar II",
        "e6188346-a0f5-4212-8521-af71995a6609": "Manasota, 700 B.C.-A.D. 700",
        "3c9e51dc-3f9e-4a0c-b9a1-2ecaf6cd9260": "Middle Archaic",
        "5bdde004-9031-4b7d-9382-0697b9c84bb1": "Middle Woodland",
        "8366a213-c7f0-4497-8281-a367ed0baa4e": "Mississippian",
        "2b618403-11ef-45c7-be4f-b3da24617f4f": "Modern, 1950-present",
        "38c3a732-a97f-4ec2-9e82-795e676c04ef": "Mt. Taylor",
        "c17223cf-b544-416d-b5a5-d9d83b860d5a": "Nineteenth century American, 1821-1899",
        "fe80325d-1c35-48b1-8ba0-cf6b83e061d7": "Norwood",
        "8476eaf4-9f77-48f3-b6f4-5dd95377012a": "Orange",
        "40735dae-7e89-4f6c-9223-f2b816fad88b": "Other",
        "a6faf5d9-cfa8-49e3-b7d0-b2a2e7d03571": "Paleo-Early",
        "9e027db7-102a-4dd2-b24e-6fe0a31098df": "Paleo-Middle",
        "d350485d-31bf-4206-96d7-f00b98776e2a": "Paleoindian, 10,000 B.C.-8500 B.C.",
        "7a880a6f-2ec7-4392-8bdf-0d215dfa6a39": "Pensacola",
        "1d247f6e-896a-4aa1-b575-62ffeecce63b": "Perico Island",
        "89dd5386-915d-4ea9-a2d6-66b52a89cb17": "Possible Paleo-Indian or Late P-I/Early Archaic",
        "68facf20-e8ca-4ecf-9a80-5e54a85badd6": "Post-Reconstruction, 1880-1897",
        "06605d26-34e2-4687-9b1c-c5a3c9537364": "Potano",
        "1ddbd2d6-42a5-4260-b944-d12d7a80c614": "Potano I, A.D. 1600-1630",
        "6f1a41c8-25e0-4d10-a646-04a195ea80c1": "Potano II, A.D. 1630-1700",
        "882a52ee-07a9-49fa-864c-e819cd9b0460": "Poverty Point",
        "a9adbd86-3e0a-4d2b-b89c-d9d8f2c2a76c": "Prehistoric",
        "814fa758-aab9-4f74-908d-70cb573dc1c9": "Prehistoric lacking pottery",
        "2254e52c-f663-49e8-b4a3-126afb78fcc8": "Prehistoric with pottery",
        "1befc3e1-6698-4e91-a5f8-a8e439cabdf3": "Reconstruction, 1866-1879",
        "88ee0468-ce8f-477f-94fc-45301894a6e4": "Safety Harbor, A.D. 1000-1500",
        "8e010cf6-dcfb-4516-95de-65c9613d8542": "Santa Rosa",
        "0ff93dd4-351c-4492-82c8-dda60952f6f5": "Santa Rosa-Swift Creek",
        "9522e02d-17a9-4470-868b-7ec6f230da66": "Seminole, 1716-present",
        "f4e58b5f-73d8-4e4d-93d7-2efe6c0e8419": "Seminole, Colonization period, 1750-1816",
        "5f1ee670-c80b-4911-8a0b-ceaab747e013": "Seminole, First War to Second, 1817-1834",
        "086524a6-7fdf-44ef-8417-126dc85ca567": "Seminole, Second War to the Third, 1835-1855",
        "88885e9c-8ac5-4216-99a9-f8996519037a": "Seminole, Third War onward, 1856-present",
        "e8e7fd13-c16a-4b9b-8f84-a66e69d3615e": "Spanish-American War, 1898-1916",
        "72b4f13c-d430-4375-afed-0ef9135b1c00": "Spanish-First Period, 1513-1763",
        "8bfd4010-cbbe-4c65-94f7-506fd3a22fb5": "Spanish-First or Second",
        "1efaf453-66af-4edb-98ea-2f706f2e767b": "Spanish-Second Period, 1783-1821",
        "a1022a69-0c9d-4056-a91b-f52120c4ba67": "St. Augustine",
        "90236f2b-b424-4b98-807a-3ed31fdf37bc": "St. Johns I, 700 B.C.-A.D. 800",
        "2ea18705-1d60-4617-b1ae-f82e0cfe6d06": "St. Johns II, A.D. 800-1500",
        "1a917400-f770-40c0-8bfa-323c3195fcfb": "St. Johns IIa",
        "9602999e-d7b5-4757-b00d-6a9d33b333c4": "St. Johns IIb",
        "09a65510-d94a-47b4-ac66-2e7723ec7db6": "St. Johns IIc",
        "65659e42-16f9-4873-a544-ea51aebc6053": "St. Johns Ia",
        "e49ed06d-efdc-4540-a413-80580ef4df8c": "St. Johns Ib",
        "8f09e280-cb4b-467e-8f23-b58a30d55973": "St. Johns, 700 B.C.-A.D. 1500",
        "df33deb9-8237-419e-ab54-18bcaebecc57": "Statehood and Antebellum, 1845-1860",
        "460940a2-e403-4f5d-a28e-986c04ac83bb": "Suwannee Valley Culture, A.D. 750 to early 16th c.",
        "9fe64259-b559-413b-8bc9-7ff13c1d6669": "Swift Creek, 300 B.C.-A.D.450",
        "65323562-8e3f-4a76-924e-85ee3cdc057a": "Swift Creek, Early",
        "441d9a74-634f-436b-8dce-d9829d3c6ecb": "Swift Creek, Late",
        "d0e79d17-d211-47cc-b0b5-138b106c6c22": "Transitional, 1000 B.C.-700 B.C.",
        "0c3f4be0-8a53-4065-a8bc-76bff88b7315": "Twentieth century American, 1900-present",
        "f3dc095b-03f7-4c70-b2b5-87a38b05ac2e": "Unknown",
        "4b90d1c3-bf40-4bb4-af71-7ecafd1c5772": "Unspecified on form by the recorder",
        "f7113947-a1cb-4a52-bd90-431401af4f98": "Weeden Island 1",
        "0b82718c-f7a3-42a5-a8e2-56d46ffb55b8": "Weeden Island 2",
        "b517680b-3a8e-4309-96ba-d74484307290": "Weeden Island 3",
        "7fd64c0a-c45e-4f5b-ab40-7a1aaa34d885": "Weeden Island 4",
        "fb15310c-eba5-4b40-ac0c-fa65ac760b29": "Weeden Island 5",
        "a353132d-1be8-4640-a662-c7032b55773a": "Weeden Island I",
        "3681e876-eef7-4b21-ad25-59fb8a49945e": "Weeden Island II",
        "f553482b-20a2-4f04-8fc6-1ad49a9ef281": "Weeden Island, A.D. 450-1000",
        "32dbb903-d728-4645-bcfd-5633cbefb4bc": "Woodland",
        "de89d58c-2e97-47ca-aecb-a631f847ceaa": "World War I & Aftermath, 1917-1920",
        "50a055ab-dfb4-4c2d-89d8-c10c162d8fa7": "World War II & Aftermath 1941-1950"
    },
    "Site Type": {
        "4c9d681d-267c-461e-8b55-d44d5d1302e4": "Agriculture/Farm structure",
        "d1c3dca8-70c4-4e64-b543-ebee467dd41d": "Aircraft Wreckage/Crash Site",
        "a6aeb007-d54b-4d70-a376-7fceb0d30959": "Anchorage midden-underwater",
        "60a6526d-ada7-46c8-822a-9bfb56e4a09e": "Artifact scatter-dense (> 2 per sq meter)",
        "e7ae4201-2b8f-4898-b0ad-0fca4b946234": "Artifact scatter-low density (< 2 per sq meter)",
        "67341ae6-88bf-4205-8c7f-e27a77ac6af4": "Bridge Remains",
        "46e0eff3-207c-467d-95e4-ac72035d2c12": "Building remains",
        "3d5e4f34-ef1d-41f6-9685-90ee56d79924": "CCC camp (forest)",
        "201e933a-0d21-4a7f-bee9-a970931f4e30": "Campsite (prehistoric)",
        "9646e69f-1da4-47ba-af9c-480f9e5ab342": "Canal",
        "5b386964-408c-4ed7-be59-964628db9605": "Careening midden-underwater",
        "3f4613c7-c5eb-4a6c-9541-17297bb2ca1b": "Cave or rockshelter",
        "0a6b1ab8-85f1-469f-8d66-0cdcf4a0eb9c": "Cave/Sink-subterranean-aquatic",
        "4598599a-e55c-48f2-83c6-778fcd484220": "Cave/Sink-subterranean-intermittently flooded",
        "739627d4-3928-41fc-b370-54aec929a421": "Cave/Sink-subterranean-terrestrial",
        "e2319a4b-ab0a-45c4-9427-f3093c5e21f2": "Ceramic scatter",
        "8c8b5822-fab9-4019-ac60-487322631bbe": "Cistern",
        "c186bcc1-0dc3-4444-9d3d-1263b704e2d2": "Clay pit",
        "88b68ca4-30ba-4a17-8516-d4e889841122": "Cotton mill",
        "cdfaa7ff-5252-4e09-819c-40de691c2cee": "Destroyed",
        "867acba7-715b-41e1-a450-9cca90038ce6": "Domiciliary mound--platform for a house",
        "52f50609-57e0-4978-8683-4efb71be10a2": "Farmstead",
        "e254dbb0-6644-4696-a9c5-658976c0eab9": "Freshwater submerged site",
        "61e88c6b-4d99-4fd2-960a-861dfc80da98": "Government-related",
        "85b52f4e-2e2c-474c-a57a-affd51c82314": "Grist mill",
        "cd750317-61f5-4b30-b783-e97aa6d731d0": "Habitation (prehistoric)",
        "7841463f-97e0-4a44-96fb-9e51da389f83": "Historic Petrogylph-carving or inscription on rock",
        "97504a21-a6b0-4c68-9681-20cf26668765": "Historic Square",
        "651026a3-32f1-4948-937c-6b3c364ebcad": "Historic burial(s)",
        "6f1312c5-7f25-4497-bcd4-544198de23dc": "Historic earthworks",
        "1e48b3c3-c36f-49cc-952e-ef78cec160f6": "Historic fort",
        "369d06b8-c5ab-40f8-a03c-e2505e9b78c7": "Historic mine, phosphate or other",
        "db7e25db-c905-49cb-a526-4e97e7e3b349": "Historic park or plaza",
        "5f5bd951-3290-49ad-ad97-a7e2ba3bc7f7": "Historic refuse / Dump",
        "1fb39846-1ca0-434a-b16b-06afd6ea633c": "Historic refuse / dump",
        "26f901a9-5844-40fc-8d2b-717e8027b08e": "Historic road segment",
        "50cda7d2-cc88-4c9f-8e93-b17fca1081d5": "Historic shipwreck",
        "99b95486-1a06-4840-9029-4cc132c6af92": "Historic town",
        "a21c1f47-1a1e-445d-8f06-22e9236b516c": "Historic well",
        "12663c98-e9b8-466b-a033-197c43310e8b": "Homestead",
        "6c1710cc-254d-4c37-abb8-d3a154cd9c7f": "House",
        "529cb8af-0bc4-4936-8204-096567a3f551": "Human remains noted at site",
        "a5fc3208-72d5-40c6-bb1c-37f4b175ae1e": "Indeterminate",
        "d8fb51e7-5c9c-42f4-a5cb-f8a1e00a7097": "Industrial",
        "421e1dfd-1f12-44fc-9d39-e3539eadf0a3": "Inundated land site",
        "74442cd7-dd36-4fc6-8a5c-22e4e0111402": "Kiln for firing ceramics",
        "3aa2befc-7676-41cd-8e0b-543403606b74": "Lake/Pond-lacustrine",
        "2bb6da1c-a0c6-4fc7-a271-78a1293ecb9a": "Land-terrestrial",
        "9dcfa12e-c68f-480a-b713-dbe9f652adf9": "Lighthouse",
        "bfd2879c-91b6-4059-9838-bef31c4b5351": "Lithic scatter/quarry (prehistoric: no ceramics)",
        "1784e7e9-7579-4d33-957d-1118cffb9bc2": "Log Boat - Historic or Prehistoric",
        "18050295-d2a8-4e65-9cc3-d73711c67258": "Lumber mill",
        "c87889dc-1944-41f6-834b-0e71ea918450": "Military",
        "887041bf-f399-4317-8ed0-67b94c5d3dc5": "Military battleground",
        "a467bbf3-179d-4e8d-adbe-09a0bc28e0d2": "Military encampment",
        "6c8ddc91-a754-4eac-97b5-6b5328f4a076": "Mill of unspecified function",
        "392a601c-c657-43f5-a7d3-352b079d7208": "Mission of Spanish Colonial heritage",
        "9a3905e8-b2b6-4353-aed8-5e8e5370e495": "Naval stores-related",
        "e284e9c8-c5a6-40b4-bf9f-9b32236c70bf": "No field investigation--record based on informant",
        "36ce0b18-7a06-41ad-9b3c-4c3afb1b6fd3": "No field investigation--reported by remote sensing",
        "52024bab-a349-4007-ac04-09aeca8331dd": "Nonartifactual site: no definite artifacts seen",
        "46f3f413-233c-4f89-ad29-e4661a3aa16f": "Noncultural",
        "8582d9f3-2736-4408-8409-5b9ab0f6d344": "Old field (historic)",
        "6d7c22ba-10ba-45e0-b17f-052b33c2994e": "Other",
        "ceea2457-1d13-47a2-b3ae-609d0a99a0d5": "Paleontological in addition to cultural evidence",
        "a5fc2446-b33d-44a6-8de3-87b9e44d1145": "Plantation",
        "a57e8c40-9280-4e93-8273-c802b0093a89": "Platform mound (prehistoric)",
        "80827f37-9c2c-4757-88d8-55b697884d0e": "Prehist. Petrogylph-carving or inscription on rock",
        "6a4da43a-e79a-4e7f-9d00-3f74ab58f4aa": "Prehistoric burial mound(s)",
        "3633f32a-726d-44af-8571-3bd9800cce91": "Prehistoric burial(s)",
        "b952144e-01d0-4b35-b6d4-015887352917": "Prehistoric earthworks",
        "75790736-1407-48a3-8f26-3cee68961678": "Prehistoric lithics only, but not quarry",
        "f1a92022-bcfb-44e8-9358-5599bb909226": "Prehistoric midden(s)",
        "cf721d39-1f09-4001-871a-70080bbb2bfe": "Prehistoric mound(s)",
        "8b00905c-c7ff-46f1-a261-e12a4729afcb": "Prehistoric quarry",
        "dfeb5c9a-3d83-4d23-b43d-e2aad7a85039": "Prehistoric shell midden",
        "6355c63f-8a03-419f-8494-399570162b41": "Prehistoric shell mound(s)",
        "7f80af7a-8458-4eb1-950f-050f9538ebff": "Prehistoric shell ring",
        "3c57e456-056e-4497-8c3d-b2c8c34084f3": "Prehistoric shell scatter",
        "255ece4c-6eb4-4470-be1c-4a7b92463e48": "Railroad grade segment",
        "af836d45-382a-450a-9f9e-b7238b0a3e2f": "Recorded from historic maps/documents only",
        "15681af8-57ed-4a79-990b-901656b095b0": "Redeposited site (from this location)",
        "19842b26-02ff-4e4e-8de8-ce521ff3c502": "Redeposited site (to this location)",
        "0f742664-9f5f-4124-8533-7236f327319f": "River/Stream/Creek-riverine",
        "398f4649-40b1-4650-b53f-4e94dacd9277": "Saltwater submerged site",
        "bc25bf4f-a3dc-4d19-89ba-23c25b89ee3e": "Saltwater-marine-\"high energy\"",
        "63563305-8480-485e-8270-b84aa0416191": "Saltwater-marine-\"low energy\"",
        "7f94c541-5c0b-4b1f-afc8-b2756f6baff4": "Saltworks",
        "1134fd19-6832-4ee8-bae1-56b00d4cf55b": "Shell ridge (relict)",
        "75469b6e-f3fc-4eec-9951-a354cacd02ae": "Shrine",
        "65604191-98c2-46a4-a551-672da175ae04": "Single artifact or isolated find",
        "ecb0fa66-6505-40cf-a510-12ca636506c6": "Specialized site for procurement of raw materials",
        "deff674e-d728-434b-9235-1190c334b5b7": "Still for distilling alcoholic spirits",
        "89eb6c0b-22ca-4066-a57a-31fe12100c46": "Store site or ruin",
        "febd7f9a-d2d5-43e4-9280-fd4f35b0dc24": "Subsurface features are present",
        "312d69b1-edcf-47b4-a2c1-2d577f97b14f": "Sugar mill",
        "5f66885a-73f9-4754-bc3d-9da4497d4f15": "Tidal-estuarine",
        "8a49d328-acad-4ce7-8370-f324b30c7fad": "Turpentine camp",
        "16bd7281-94b4-4728-8791-2aa4e89d719c": "Underwater",
        "62808167-32b4-4d53-a243-a60fd72ef6c2": "Underwater disposal midden",
        "fab3ef0a-58da-4fa9-9fc7-70c0c2b3a8c9": "Unknown",
        "15722574-ed91-466c-a8cf-878042dda351": "Unspecified by the recorder",
        "af1a858a-f670-4fbe-a735-1b28dda4ff01": "Variable density scatter of artifacts",
        "f6a74cd2-01cd-4de4-ae48-d96dc6be4067": "Wall",
        "9a4934d5-56bf-49e9-b48b-f5973035f6c3": "Water control structure or dam",
        "159724b0-2f00-413b-8b57-dbfebcd55898": "Wetland",
        "c54a38bf-d37c-4e28-8935-9e7b4f878404": "Wetland-palustrine-sometimes flooded",
        "668c491c-3192-4eb0-99da-aba6d7d99b2b": "Wetland-palustrine-usually dry",
        "6854707b-3cd0-4b27-81d1-3e66e463b33d": "Wharf / Dock / Pier",
        "7a64b5c7-6b5e-4730-bbc2-a0dff0860fc7": "Wharf midden-underwater"
    },
    "Surveyor Evaluation": {
        "f2e2a90a-3b59-434c-92b3-e7092f7755ba": "Eligible for NRHP",
        "66517b97-1c9e-4c1f-9c4b-4da30ae186b9": "Ineligible for NRHP",
        "98883116-74d7-4533-9ce3-798098cf60e6": "Insufficient Information",
        "ad7e2b77-e0ef-44c6-b776-d06461b4eb08": "Likely NRHP Eligible",
        "66885eee-91e3-4cfe-86f3-66cb75166bad": "More Work Recommended",
        "8a8c9434-e6fc-4faa-94c2-e6d6e4b2b971": "No Further Work Recommended",
        "68242687-a1bd-4725-97bf-b9beeb226b22": "Not Evaluated by Recorder",
        "48556455-c28b-4481-869d-9fbf23cbca02": "Preservation Not Recommended",
        "a7d2ba07-c58c-4c30-ae46-588e09bb1271": "Preservation Recommended"
    },
    "SurveyorEvaluationDist": {
        "1a8a46b5-d1c4-497b-b0bb-c7575c77fef0": "Ineligible as contributor to NR district",
        "33c34c00-bc75-46f2-af64-9212c8eb3c8d": "Insufficient data to judge eligibility",
        "8907ca4c-4a43-4a54-a306-8d3fb29da174": "Likely contributor to NR district",
        "a55f91cc-dd64-4c83-9648-3ac005363dbb": "More work recommended",
        "d5fd3546-6d04-4dea-ae8c-484ee66f2eb9": "No further work recommended",
        "e6c9c220-09f3-4e3b-ad9a-7bb45a91f689": "Not Evaluated by Recorder",
        "53247ecf-0e82-414f-8a8f-0af397373f80": "Potential contributor to NR district",
        "74c682bb-da01-4de1-b3d5-54832c3c5404": "Preservation not recommended",
        "2b8c7210-4349-4b07-88a5-21890ef522cd": "Preservation recommended"
    },
    "Resource to Resource Relationship Types": {
        "ac41d9be-79db-4256-b368-2f4559cfbe55": "is related to"
    }
}