{
    "Cemetery Status": {
        "4d287eac-69e0-4cf7-a4b6-846c35497e37": "Abandoned",
        "ce249008-e55d-42cc-aa4c-800a5dd2fee9": "Maintained But Not Used",
        "02d9594e-6c36-4ab5-a0d5-297a5f63304b": "Unspecified by Surveyor",
        "d57ae5e7-f9d7-4b9a-bf20-6cb551c3d8af": "Used for Burials"
    },
    "Cemetery Type": {
        "ef8c4144-fe25-45d1-8918-57a3225f0b41": "Community",
        "3f18cf58-6890-4202-a399-3e69cf43379a": "Company Town",
        "7201c859-2a76-4b05-8035-5e5e01485d5e": "Epidemic",
        "f5bc23f1-8040-4ce4-b9ce-e271ea96c54e": "Family",
        "226d1eb3-4a45-493b-bd4d-fd4a021fef9a": "Fraternal Order",
        "f21cb98b-e3d5-437a-ae37-aac5fe2d8ed8": "Memorial Park",
        "915c7fd9-24b2-41a8-bdde-6b82e588e66b": "Military",
        "a4092fcd-060c-43c5-b9a3-80fa6488ba78": "Municipal",
        "17b12a6b-f485-4071-b805-3d23e291f95c": "National",
        "35dc1165-1381-4f27-82c4-7c04d6c8ffd6": "Other",
        "47eaa4e6-d4e9-48ca-9657-e8cb8c36fcba": "Potters Field",
        "06fa99d2-e4ce-4cfb-8982-9e5f1987529b": "Prison",
        "b6263769-1b6e-4345-8dc1-83c0895e5825": "Religious",
        "5a403547-157e-4db8-b3af-9ea7cc632905": "Rural Movement",
        "9304782a-4e2c-4d6e-bfe6-bc6a6d58bc9d": "Unknown",
        "5079966c-d7e1-407c-b87f-c43da4711723": "Unspecified"
    },
    "Ethnic Groups Interred": {
        "bd55bf32-bfc0-4461-bc3a-36e19544fedc": "African American",
        "6878be25-332c-4dae-8c7c-b697b3280037": "Asian",
        "af4cf4b9-4ea4-4460-85e8-d37c64920b17": "Caribbean",
        "d0be8bd7-91fd-42ef-b25e-4ef468a23840": "Hispanic",
        "2b00e1b8-c243-412f-8e03-cce162f1bd57": "Native American",
        "0e3dbda9-b29a-4606-8c72-981323312513": "Other",
        "ad32ce77-5529-4fbd-84a4-2739d9459130": "Unknown",
        "fc07502e-a111-4fe8-b890-fde5f8c4bfb7": "Unspecified by Surveyor",
        "c23bdcf0-b39a-40df-a333-fdca0f22254d": "White, Non-Hispanic"
    },
    "Regions": {
        "040d91ea-6984-4a56-9e72-64f87834e145": "Central",
        "bded0c6f-e2ab-4177-84e1-de69c69cd6e5": "East Central",
        "4cc0e31e-bd46-4632-9c36-5f3c2628ef64": "North Central",
        "258e213d-a47a-4545-9a94-7ab1449d9f67": "Northeast",
        "5c97e64d-8598-482a-bbcd-e61684f34389": "Northwest",
        "a74fec7a-75da-4faf-8e56-d8af1ce8d5e6": "Southeast",
        "14e1f3bb-d8a6-42fa-a375-c03a0bd89b53": "Southwest",
        "602d53f7-f371-4603-8e5b-40e2b341cb94": "West Central"
    },
    "Managed Area Category": {
        "91531c69-fa67-40e0-87a2-4521811fdd78": "Aquatic Preserve",
        "5defe181-f6ef-41fa-9906-51d4cf8d6e6a": "Fish and Wildlife Conservation Commission",
        "868cf814-2870-46e7-b501-7b8f8b42df83": "State Forest",
        "e253e5a4-9c82-45e2-9cd1-5b2dc2eae407": "State Parks",
        "298eaaf4-1aa8-4043-b03d-86e07472c53c": "Water Management District"
    },
    "Managed Area Name": {
        "168edd1b-fde0-11e9-b88f-0abff18d581c": "Adams Ranch Agricultural and Conservation Easement #1",
        "177cd64d-fde0-11e9-b88f-0abff18d581c": "Addison Blockhouse Historic State Park",
        "177cd761-fde0-11e9-b88f-0abff18d581c": "Alafia River State Park",
        "177cd769-fde0-11e9-b88f-0abff18d581c": "Alfred B. Maclay Gardens State Park",
        "177cd779-fde0-11e9-b88f-0abff18d581c": "Allen David Broussard Catfish Creek Preserve State Park",
        "168edc93-fde0-11e9-b88f-0abff18d581c": "Amelia Island State Park",
        "177cd76d-fde0-11e9-b88f-0abff18d581c": "Anastasia State Park",
        "18ad92e2-fde0-11e9-b88f-0abff18d581c": "Anclote Key Preserve State Park",
        "177cd715-fde0-11e9-b88f-0abff18d581c": "Andrews Wildlife Management Area",
        "177cd7a1-fde0-11e9-b88f-0abff18d581c": "Apalachee Wildlife Management Area",
        "177cd70d-fde0-11e9-b88f-0abff18d581c": "Apalachicola National Estuarine Research Reserve",
        "168eddbf-fde0-11e9-b88f-0abff18d581c": "Apalachicola River Wildlife and Environmental Area",
        "177cd69d-fde0-11e9-b88f-0abff18d581c": "Atlantic Ridge Preserve State Park",
        "177cd7cd-fde0-11e9-b88f-0abff18d581c": "Aucilla Wildlife Management Area",
        "177cd71d-fde0-11e9-b88f-0abff18d581c": "Avalon State Park",
        "168ede0f-fde0-11e9-b88f-0abff18d581c": "Babcock Ranch Preserve",
        "18ad92d2-fde0-11e9-b88f-0abff18d581c": "Bahia Honda State Park",
        "177cd6a9-fde0-11e9-b88f-0abff18d581c": "Bald Point State Park",
        "52294bb5-892b-478a-b2ef-6361a0fb39cd": "Bayard Conservation Area",
        "168eddc7-fde0-11e9-b88f-0abff18d581c": "Bell Ridge Longleaf Wildlife and Environmental Area",
        "177cd741-fde0-11e9-b88f-0abff18d581c": "Belmore State Forest",
        "18ad9296-fde0-11e9-b88f-0abff18d581c": "Big Bend Wildlife Management Area",
        "168edc8b-fde0-11e9-b88f-0abff18d581c": "Big Lagoon State Park",
        "168edcaf-fde0-11e9-b88f-0abff18d581c": "Big Shoals State Forest",
        "177cd73d-fde0-11e9-b88f-0abff18d581c": "Big Shoals State Park",
        "168edc9b-fde0-11e9-b88f-0abff18d581c": "Big Talbot Island State Park",
        "177cd771-fde0-11e9-b88f-0abff18d581c": "Bill Baggs Cape Florida State Park",
        "3500b3ae-26e0-47cc-884e-47ca98fa69f3": "Black Creek Ravines Conservation Area",
        "e8039c12-d678-412e-8512-38a48a1f8e47": "Black Sink Prairie",
        "177cd7e9-fde0-11e9-b88f-0abff18d581c": "Blackwater Heritage State Trail",
        "168edd3f-fde0-11e9-b88f-0abff18d581c": "Blackwater River State Forest",
        "168edcf3-fde0-11e9-b88f-0abff18d581c": "Blackwater River State Park",
        "136a3194-e59c-422f-ad72-65f808513957": "Blue Cypress Conservation Area",
        "177cd6fd-fde0-11e9-b88f-0abff18d581c": "Blue Spring State Park",
        "18ad934e-fde0-11e9-b88f-0abff18d581c": "Box-R Wildlife Management Area",
        "18ad9312-fde0-11e9-b88f-0abff18d581c": "Branan Field Wildlife and Environmental Area",
        "ae879de9-5dcb-4c57-93fd-f0ce81d03326": "Buck Lake Conservation Area",
        "177cd75d-fde0-11e9-b88f-0abff18d581c": "Bullfrog Creek Wildlife and Environmental Area",
        "177cd751-fde0-11e9-b88f-0abff18d581c": "Bulow Creek State Park",
        "177cd74d-fde0-11e9-b88f-0abff18d581c": "Bulow Plantation Ruins Historic State Park",
        "cf839829-ed52-44b3-b224-4d47289c6396": "C-54 Canal",
        "168edd8f-fde0-11e9-b88f-0abff18d581c": "Caladesi Island State Park",
        "18ad9342-fde0-11e9-b88f-0abff18d581c": "Camp Helen State Park",
        "18ad92c6-fde0-11e9-b88f-0abff18d581c": "Camp Lonesome Agricultural and Conservation Easement #1",
        "52f2cba5-53cd-46ce-88f9-c3ca0e9abb04": "Canaveral Marshes Conservation Area",
        "177cd709-fde0-11e9-b88f-0abff18d581c": "Cape St. George State Reserve",
        "177cd801-fde0-11e9-b88f-0abff18d581c": "Caravelle Ranch Wildlife Management Area",
        "168edd03-fde0-11e9-b88f-0abff18d581c": "Carl Duval Moore State Forest and Park",
        "168edd33-fde0-11e9-b88f-0abff18d581c": "Cary State Forest",
        "168edd83-fde0-11e9-b88f-0abff18d581c": "Cayo Costa State Park",
        "177cd6ad-fde0-11e9-b88f-0abff18d581c": "Cedar Key Museum State Park",
        "168edd73-fde0-11e9-b88f-0abff18d581c": "Cedar Key Scrub State Reserve",
        "168edd7b-fde0-11e9-b88f-0abff18d581c": "Charles H. Bronson State Forest",
        "177cd83d-fde0-11e9-b88f-0abff18d581c": "Charlotte Harbor Preserve State Park",
        "177cd6a1-fde0-11e9-b88f-0abff18d581c": "Chassahowitzka Wildlife Management Area",
        "177cd7b9-fde0-11e9-b88f-0abff18d581c": "Chinquapin Farm Phase 1A Gopher Tortoise Recipient Site",
        "177cd7b1-fde0-11e9-b88f-0abff18d581c": "Chinquapin Farm Phase 1B Gopher Tortoise Recipient Site",
        "177cd7dd-fde0-11e9-b88f-0abff18d581c": "Chinsegut Wildlife and Environmental Area",
        "40e105b0-325f-4cd2-85bb-345f02d72df2": "Choctawhatchee River Wildlife Management Area",
        "168eddf7-fde0-11e9-b88f-0abff18d581c": "Circle Pines Farm Agricultural and Conservation Easement",
        "8d116a6a-f9ee-46f7-ae81-2dad4109caaf": "Clark Bay Conservation Area",
        "168edd2f-fde0-11e9-b88f-0abff18d581c": "Cockroach Bay Preserve State Park",
        "168eddfb-fde0-11e9-b88f-0abff18d581c": "Collier-Seminole State Park",
        "177cd63d-fde0-11e9-b88f-0abff18d581c": "Colt Creek State Park",
        "18ad929a-fde0-11e9-b88f-0abff18d581c": "Constitution Convention Museum State Park",
        "18ad933e-fde0-11e9-b88f-0abff18d581c": "Cottage Hill State Forest",
        "a196a613-cdc8-41bc-9046-763ab917ec3e": "Crescent Lake Conservation Area",
        "168eddcf-fde0-11e9-b88f-0abff18d581c": "Crooked Lake Wildlife and Environmental Area",
        "177cd7c1-fde0-11e9-b88f-0abff18d581c": "Crystal River Archaeological State Park",
        "177cd795-fde0-11e9-b88f-0abff18d581c": "Crystal River Preserve State Park",
        "168edd8b-fde0-11e9-b88f-0abff18d581c": "Curry Hammock State Park",
        "168edca3-fde0-11e9-b88f-0abff18d581c": "Dade Battlefield Historic State Park",
        "177cd705-fde0-11e9-b88f-0abff18d581c": "Dagny Johnson Key Largo Hammock Botanical State Park",
        "177cd62d-fde0-11e9-b88f-0abff18d581c": "De Leon Springs State Park",
        "bb8fb873-4122-4cd9-a3cb-27f840d81558": "Deep Creek Conservation Area",
        "168edd47-fde0-11e9-b88f-0abff18d581c": "Deep Creek State Forest",
        "177cd6b1-fde0-11e9-b88f-0abff18d581c": "Deer Lake State Park",
        "177cd775-fde0-11e9-b88f-0abff18d581c": "Delnor-Wiggins Pass State Park",
        "18ad92aa-fde0-11e9-b88f-0abff18d581c": "Devil's Millhopper Geological State Park",
        "5175b38f-565a-4b9a-95fa-a55a18d99afb": "Devils Hammock Wildlife Management Area",
        "18ad92fe-fde0-11e9-b88f-0abff18d581c": "Dinner Island Ranch Wildlife Management Area",
        "168edc7f-fde0-11e9-b88f-0abff18d581c": "Don Pedro Island State Park",
        "18ad92b2-fde0-11e9-b88f-0abff18d581c": "Dr. Julian G. Bruce St. George Island State Park",
        "177cd781-fde0-11e9-b88f-0abff18d581c": "Dr. Von D. Mizell-Eula Johnson State Park",
        "168edd0b-fde0-11e9-b88f-0abff18d581c": "Dudley Farm Historic State Park",
        "93252c1c-a3f3-42e0-bb59-a8421864d1b4": "Dunns Creek Conservation Area",
        "168edce3-fde0-11e9-b88f-0abff18d581c": "Dunns Creek State Park",
        "177cd7ed-fde0-11e9-b88f-0abff18d581c": "Econfina River State Park",
        "b305d203-b93f-479d-b366-2ccffa3d96d3": "Econlockhatchee Sandhills Conservation Area",
        "177cd7b5-fde0-11e9-b88f-0abff18d581c": "Eden Gardens State Park",
        "168edccf-fde0-11e9-b88f-0abff18d581c": "Edward Ball Wakulla Springs State Park",
        "18ad9302-fde0-11e9-b88f-0abff18d581c": "Egmont Key",
        "18ad9322-fde0-11e9-b88f-0abff18d581c": "Ellie Schiller Homosassa Springs Wildlife State Park",
        "12981f45-968b-43a6-811a-2fa3afc94c77": "Emeralda Marsh Conservation Area",
        "168eddd3-fde0-11e9-b88f-0abff18d581c": "Escribano Point Wildlife Management Area",
        "168eddbb-fde0-11e9-b88f-0abff18d581c": "Estero Bay Preserve State Park",
        "18ad92a2-fde0-11e9-b88f-0abff18d581c": "Etoniah Creek State Forest",
        "168edd27-fde0-11e9-b88f-0abff18d581c": "Evans Agricultural and Conservation Easement",
        "177cd731-fde0-11e9-b88f-0abff18d581c": "Everglades and Francis S. Taylor Wildlife Management Area",
        "177cd7f5-fde0-11e9-b88f-0abff18d581c": "FWC Mitigation Parcel",
        "168ede1f-fde0-11e9-b88f-0abff18d581c": "Fakahatchee Strand Preserve State Park",
        "18ad9346-fde0-11e9-b88f-0abff18d581c": "Falling Waters State Park",
        "168edd6f-fde0-11e9-b88f-0abff18d581c": "Fanning Springs State Park",
        "177cd6b9-fde0-11e9-b88f-0abff18d581c": "Faver-Dykes State Park",
        "ec4f03a9-d8f8-4282-a916-c5881060b1d3": "Fellsmere Water Management Area",
        "177cd6bd-fde0-11e9-b88f-0abff18d581c": "Fernandina Plaza Historic State Park",
        "177cd6ed-fde0-11e9-b88f-0abff18d581c": "Fisheating Creek Wildlife Management Area",
        "168edcf7-fde0-11e9-b88f-0abff18d581c": "Fisheating Creek/Lykes Brothers Conservation Easement",
        "177cd6c5-fde0-11e9-b88f-0abff18d581c": "Florida Caverns State Park",
        "168eddaf-fde0-11e9-b88f-0abff18d581c": "Florida Keys Overseas Heritage State Trail",
        "177cd7f9-fde0-11e9-b88f-0abff18d581c": "Florida Keys Wildlife and Environmental Area",
        "18ad92de-fde0-11e9-b88f-0abff18d581c": "Forest Capital Museum State Park",
        "168edd97-fde0-11e9-b88f-0abff18d581c": "Fort Clinch State Park",
        "177cd789-fde0-11e9-b88f-0abff18d581c": "Fort Cooper State Park",
        "6602541d-0355-4d0b-8217-311ca4c820fa": "Fort Drum Marsh Conservation Area",
        "168edd13-fde0-11e9-b88f-0abff18d581c": "Fort George Island Cultural State Park",
        "18ad9326-fde0-11e9-b88f-0abff18d581c": "Fort Mose Historic State Park",
        "177cd7d1-fde0-11e9-b88f-0abff18d581c": "Fort Pierce Inlet State Park",
        "177cd739-fde0-11e9-b88f-0abff18d581c": "Fort White Wildlife and Environmental Area",
        "177cd679-fde0-11e9-b88f-0abff18d581c": "Fort Zachary Taylor Historic State Park",
        "168edd5b-fde0-11e9-b88f-0abff18d581c": "Four Creeks State Forest",
        "177cd841-fde0-11e9-b88f-0abff18d581c": "Fred C. Babcock-Cecil M. Webb Wildlife Management Area",
        "18ad932a-fde0-11e9-b88f-0abff18d581c": "Fred Gannon Rocky Bayou State Park",
        "168edd07-fde0-11e9-b88f-0abff18d581c": "GTMNERR - Guana River Site",
        "177cd835-fde0-11e9-b88f-0abff18d581c": "Gainesville-to-Hawthorne State Trail",
        "177cd77d-fde0-11e9-b88f-0abff18d581c": "Gamble Rogers Memorial State Recreation Area at Flagler Beach",
        "18ad92e6-fde0-11e9-b88f-0abff18d581c": "Gasparilla Island State Park",
        "177cd685-fde0-11e9-b88f-0abff18d581c": "General James A. Van Fleet State Trail",
        "168edd17-fde0-11e9-b88f-0abff18d581c": "George Crady Bridge Fishing Pier State Park",
        "b3f9ed93-fe28-408b-a7ef-1f3b512d508d": "Goethe State Forest",
        "7dce6112-13a5-46c8-bea3-be48da15b037": "Goethe Wildlife Management Area",
        "0e4ed5c5-f672-42a6-8e4c-24759250f00c": "Gourd Island Conservation Area",
        "177cd6b5-fde0-11e9-b88f-0abff18d581c": "Grayton Beach State Park",
        "177cd745-fde0-11e9-b88f-0abff18d581c": "Grissom Parkway",
        "c15a0b4d-5165-4c5f-aa21-0d2431ee35fb": "Grove Park Wildlife Management Area",
        "168edd5f-fde0-11e9-b88f-0abff18d581c": "Guana River Wildlife Management Area",
        "177cd6d5-fde0-11e9-b88f-0abff18d581c": "Guana Tolomato Matanzas National Estuarine Research Reserve",
        "02c70459-0223-4019-972b-373a309fbce7": "Gulf Hammock Wildlife Management Area",
        "2f56e347-e9bc-497b-9c28-c3d901e75b75": "HDS - Clay County Monitoring Well Site",
        "ee2d54d4-b81c-4ffd-85be-5d42ec59726e": "Hal Scott Regional Preserve and Park",
        "177cd729-fde0-11e9-b88f-0abff18d581c": "Half Moon Wildlife Management Area",
        "177cd7e5-fde0-11e9-b88f-0abff18d581c": "Hatchineha Ranch Conservation Bank Conservation Easements",
        "18ad931e-fde0-11e9-b88f-0abff18d581c": "Haw Creek Preserve State Park",
        "ca300d97-b3ad-4971-ada1-392feb29f89e": "Heart Island Conservation Area",
        "177cd629-fde0-11e9-b88f-0abff18d581c": "Henderson Beach State Park",
        "177cd7c9-fde0-11e9-b88f-0abff18d581c": "Heritage Ranch Section 12 Gopher Tortoise Recipient Sites",
        "168edde3-fde0-11e9-b88f-0abff18d581c": "Herky Huffman/Bull Creek Wildlife Management Area",
        "18ad928a-fde0-11e9-b88f-0abff18d581c": "Hickey Creek Wildlife and Environmental Area",
        "168edc9f-fde0-11e9-b88f-0abff18d581c": "Highlands Hammock State Park",
        "177cd6c1-fde0-11e9-b88f-0abff18d581c": "Hillsborough River State Park",
        "177cd759-fde0-11e9-b88f-0abff18d581c": "Hilochee Wildlife Management Area",
        "168edccb-fde0-11e9-b88f-0abff18d581c": "Holey Land Wildlife Management Area",
        "168edc87-fde0-11e9-b88f-0abff18d581c": "Holopaw State Forest",
        "168edd9b-fde0-11e9-b88f-0abff18d581c": "Honeymoon Island State Park",
        "177cd719-fde0-11e9-b88f-0abff18d581c": "Hontoon Island State Park",
        "168edce7-fde0-11e9-b88f-0abff18d581c": "Hugh Taylor Birch State Park",
        "64851bfc-b84c-4838-8d44-20525a360a2d": "Hull Swamp Conservation Area",
        "177cd7bd-fde0-11e9-b88f-0abff18d581c": "Ichetucknee Springs State Park",
        "168edd77-fde0-11e9-b88f-0abff18d581c": "Ichetucknee Trace State Trail",
        "168edcd3-fde0-11e9-b88f-0abff18d581c": "Indian Key Historic State Park",
        "177cd68d-fde0-11e9-b88f-0abff18d581c": "Indian Lake State Forest",
        "168edc7b-fde0-11e9-b88f-0abff18d581c": "Indian River County Public Shooting Range",
        "168edcb7-fde0-11e9-b88f-0abff18d581c": "Indian River Lagoon Preserve State Park",
        "177cd65d-fde0-11e9-b88f-0abff18d581c": "J. W. Corbett Wildlife Management Area",
        "168edd43-fde0-11e9-b88f-0abff18d581c": "JB Ranch Agricultural and Conservation Easement",
        "168edd4f-fde0-11e9-b88f-0abff18d581c": "Jahreis Ranch Agricultural and Conservation Easement",
        "18ad92ba-fde0-11e9-b88f-0abff18d581c": "Janet Butterfield Brooks Preserve Wildlife and Environmental Area",
        "168eddf3-fde0-11e9-b88f-0abff18d581c": "Jennings State Forest",
        "168ede03-fde0-11e9-b88f-0abff18d581c": "Joe Budd Wildlife Management Area",
        "177cd66d-fde0-11e9-b88f-0abff18d581c": "John C. and Mariana Jones/Hungryland Wildlife and Environmental Area",
        "177cd80d-fde0-11e9-b88f-0abff18d581c": "John D. MacArthur Beach State Park",
        "18ad92ae-fde0-11e9-b88f-0abff18d581c": "John Gorrie Museum State Park",
        "177cd6e5-fde0-11e9-b88f-0abff18d581c": "John M. Bethea State Forest",
        "168eddab-fde0-11e9-b88f-0abff18d581c": "John Pennekamp Coral Reef State Park",
        "177cd6d1-fde0-11e9-b88f-0abff18d581c": "Jonathan Dickinson State Park",
        "18ad92ea-fde0-11e9-b88f-0abff18d581c": "Judah P. Benjamin Confederate Memorial at Gamble Plantation Historic State Park",
        "177cd6a5-fde0-11e9-b88f-0abff18d581c": "Judges Cave Wildlife and Environmental Area",
        "a7cf69c6-f4e1-41fa-b6a7-033442f342e9": "Julington-Durbin Preserve",
        "168edd3b-fde0-11e9-b88f-0abff18d581c": "K-Rocker Agricultural and Conservation Easement",
        "168edde7-fde0-11e9-b88f-0abff18d581c": "Kilbee Ranch Agricultural and Conservation Easement",
        "177cd67d-fde0-11e9-b88f-0abff18d581c": "Kissimmee Prairie Preserve State Park",
        "168edcdf-fde0-11e9-b88f-0abff18d581c": "Koreshan State Historic Site",
        "168edd2b-fde0-11e9-b88f-0abff18d581c": "L. Kirk Edwards Wildlife and Environmental Area",
        "168eddb3-fde0-11e9-b88f-0abff18d581c": "Lafayette Blue Springs State Park",
        "168eddc3-fde0-11e9-b88f-0abff18d581c": "Lafayette Forest Wildlife and Environmental Area",
        "a997ba3f-7d8c-4580-8d5a-f0d777f09348": "Lake Apopka North Shore",
        "ed45a320-c8e5-4874-8b01-ae6f71dbebcf": "Lake George Conservation Area",
        "177cd749-fde0-11e9-b88f-0abff18d581c": "Lake George State Forest",
        "177cd631-fde0-11e9-b88f-0abff18d581c": "Lake Griffin State Park",
        "0d4de15c-d6ce-4596-adae-e7639fbcb1b0": "Lake Harris Conservation Area",
        "168edd7f-fde0-11e9-b88f-0abff18d581c": "Lake Jackson Mounds Archaeological State Park",
        "004747a0-3f7d-4056-8da0-29c5366ff1f8": "Lake Jesup Conservation Area",
        "177cd721-fde0-11e9-b88f-0abff18d581c": "Lake June-in-Winter Scrub State Park",
        "177cd649-fde0-11e9-b88f-0abff18d581c": "Lake Kissimmee State Park",
        "168edd9f-fde0-11e9-b88f-0abff18d581c": "Lake Louisa State Park",
        "177cd821-fde0-11e9-b88f-0abff18d581c": "Lake Manatee State Park",
        "6c4c724a-7c73-47a4-931d-1b2564fff70e": "Lake Monroe Conservation Area",
        "7f3ff9e1-e545-4428-96bf-82e67f6be137": "Lake Norris Conservation Area",
        "2f8802b2-c306-4a61-8e72-f44425a5210a": "Lake Okeechobee",
        "177cd659-fde0-11e9-b88f-0abff18d581c": "Lake Stone Fish Management Area",
        "168ede07-fde0-11e9-b88f-0abff18d581c": "Lake Talquin State Forest",
        "168eddff-fde0-11e9-b88f-0abff18d581c": "Lake Talquin State Park",
        "168eddef-fde0-11e9-b88f-0abff18d581c": "Lake Wales Ridge State Forest",
        "18ad928e-fde0-11e9-b88f-0abff18d581c": "Lake Wales Ridge Wildlife and Environmental Area",
        "18ad9366-fde0-11e9-b88f-0abff18d581c": "Letchworth-Love Mounds Archaeological State Park",
        "168edca7-fde0-11e9-b88f-0abff18d581c": "Lignumvitae Key Botanical State Park",
        "168eddeb-fde0-11e9-b88f-0abff18d581c": "Little Big Econ State Forest",
        "177cd639-fde0-11e9-b88f-0abff18d581c": "Little Gator Creek Wildlife and Environmental Area",
        "177cd725-fde0-11e9-b88f-0abff18d581c": "Little Manatee River State Park",
        "168edd0f-fde0-11e9-b88f-0abff18d581c": "Little Talbot Island State Park",
        "19026da8-9765-478a-8f04-089c24e58d9e": "Lochloosa Wildlife Conservation Area",
        "b9782645-3d92-4201-8bc8-771b1fbd2f8a": "Lochloosa Wildlife Management Area",
        "177cd6c9-fde0-11e9-b88f-0abff18d581c": "Long Key State Park",
        "177cd7c5-fde0-11e9-b88f-0abff18d581c": "Longbranch Crossing Gopher Tortoise Recipient Site",
        "32c32e66-a942-48b3-9b54-1d83bde7be42": "Longleaf Flatwoods Reserve",
        "177cd7d5-fde0-11e9-b88f-0abff18d581c": "Lovers Key State Park",
        "177cd7d9-fde0-11e9-b88f-0abff18d581c": "Lower Wekiva River Preserve State Park",
        "177cd785-fde0-11e9-b88f-0abff18d581c": "Madira Bickel Mound State Archaeological Site",
        "177cd6d9-fde0-11e9-b88f-0abff18d581c": "Madison Blue Spring",
        "168edcbf-fde0-11e9-b88f-0abff18d581c": "Makinson Island Conservation Area",
        "177cd809-fde0-11e9-b88f-0abff18d581c": "Manatee Springs State Park",
        "18ad92be-fde0-11e9-b88f-0abff18d581c": "Marjorie Harris Carr Cross Florida Greenway State Recreation and Conservation Area",
        "168edd1f-fde0-11e9-b88f-0abff18d581c": "Marjorie Kinnan Rawlings Historic State Park",
        "177cd661-fde0-11e9-b88f-0abff18d581c": "Marsh View Preserve",
        "177cd689-fde0-11e9-b88f-0abff18d581c": "Matanzas State Forest",
        "168edceb-fde0-11e9-b88f-0abff18d581c": "Micco Expansion",
        "d296d240-a576-41da-858a-2497da6af0a0": "Micco Water Management Area",
        "18ad92fa-fde0-11e9-b88f-0abff18d581c": "Mike Roess Gold Head Branch State Park",
        "177cd815-fde0-11e9-b88f-0abff18d581c": "Moody Branch Wildlife and Environmental Area",
        "168edd6b-fde0-11e9-b88f-0abff18d581c": "Morgan Lake Wales Preserve Conservation Bank Conservation Easement",
        "acde6eb7-e603-4969-9983-6807ad099f13": "Moses Creek Conservation Area",
        "45132b62-c91a-4d74-a1c7-a02bd6ed8594": "Moss Bluff Lock and Dam",
        "18ad92ee-fde0-11e9-b88f-0abff18d581c": "Mound Key Archaeological State Park",
        "93006d75-6cc3-48ce-b069-c07a905b569b": "Murphy Creek Conservation Area",
        "18ad92c2-fde0-11e9-b88f-0abff18d581c": "Myakka River State Park",
        "177cd7a5-fde0-11e9-b88f-0abff18d581c": "Myakka State Forest",
        "177cd6cd-fde0-11e9-b88f-0abff18d581c": "Natural Bridge Battlefield Historic State Park",
        "168edd37-fde0-11e9-b88f-0abff18d581c": "Nature Coast State Trail",
        "6b68f1ef-0417-4b03-914c-27d7269484a6": "Newnans Lake Conservation Area",
        "168ede0b-fde0-11e9-b88f-0abff18d581c": "Newnans Lake State Forest",
        "168edcff-fde0-11e9-b88f-0abff18d581c": "North Peninsula State Park",
        "ce4ce7e2-7035-4cb1-832e-db11fcea4729": "North Region Mitigation Archipelago",
        "5b6f60b8-fc22-45d4-a5eb-ff0efb6a654d": "Northwest Florida Water Management District",
        "177cd829-fde0-11e9-b88f-0abff18d581c": "O'leno State Park",
        "177cd681-fde0-11e9-b88f-0abff18d581c": "Ochlockonee River State Park",
        "6eabd885-4b33-48c6-837b-a948d44179eb": "Ocklawaha Prairie Restoration Area",
        "168edd57-fde0-11e9-b88f-0abff18d581c": "Okaloacoochee Slough State Forest",
        "177cd645-fde0-11e9-b88f-0abff18d581c": "Okaloacoochee Slough Wildlife Management Area",
        "168edd63-fde0-11e9-b88f-0abff18d581c": "Okeechobee Battlefield Historic State Park",
        "177cd825-fde0-11e9-b88f-0abff18d581c": "Oleta River State Park",
        "18ad92f6-fde0-11e9-b88f-0abff18d581c": "Olustee Battlefield Historic State Park",
        "295a7d44-7f94-4a45-82af-beabdba51c13": "Orange Creek Restoration Area",
        "168edcab-fde0-11e9-b88f-0abff18d581c": "Orman House Historic State Park",
        "168edc97-fde0-11e9-b88f-0abff18d581c": "Oscar Scherer State Park",
        "177cd635-fde0-11e9-b88f-0abff18d581c": "Osprey Unit",
        "18ad92a6-fde0-11e9-b88f-0abff18d581c": "Palatka-to-Lake Butler State Trail",
        "168edd23-fde0-11e9-b88f-0abff18d581c": "Palatka-to-St. Augustine State Trail",
        "cfd0cdb5-e5ec-4b27-aad8-9dc4fb82b78c": "Palm Bluff Conservation Area",
        "168edc8f-fde0-11e9-b88f-0abff18d581c": "Panther Passage Conservation Bank Conservation Easement",
        "177cd691-fde0-11e9-b88f-0abff18d581c": "Paradise Island",
        "18ad9352-fde0-11e9-b88f-0abff18d581c": "Paynes Creek Historic State Park",
        "177cd831-fde0-11e9-b88f-0abff18d581c": "Paynes Prairie Preserve State Park",
        "18ad9292-fde0-11e9-b88f-0abff18d581c": "Peace River State Forest",
        "272990c3-e657-4109-9dc3-d42a8d9eec68": "Pellicer Creek Conservation Area",
        "18ad930e-fde0-11e9-b88f-0abff18d581c": "Perdido Key State Park",
        "177cd765-fde0-11e9-b88f-0abff18d581c": "Perry Oldenburg Wildlife and Environmental Area",
        "168ede13-fde0-11e9-b88f-0abff18d581c": "Phillips Mathis Agricultural and Conservation Easement",
        "86c8cf19-6826-4699-9651-3d067dbf44f5": "Picayune Strand State Forest",
        "a07e76d8-1dfd-4227-8916-3b7e82ffae47": "Picayune Strand Wildlife Management Area",
        "168edcfb-fde0-11e9-b88f-0abff18d581c": "Pine Log State Forest",
        "54f5227e-e35d-4cde-85ec-071bd9007160": "Plank Road State Forest",
        "177cd665-fde0-11e9-b88f-0abff18d581c": "Platt Branch Wildlife and Environmental Area",
        "1b0da97c-cdd7-487c-b995-c0a121c09c82": "Point Washington State Forest",
        "3b2ad895-5d1d-4860-ab4b-a65507774b4e": "Point Washington Wildlife Management Area",
        "177cd6dd-fde0-11e9-b88f-0abff18d581c": "Ponce de Leon Springs State Park",
        "18ad92da-fde0-11e9-b88f-0abff18d581c": "Price's Scrub State Park",
        "18ad936a-fde0-11e9-b88f-0abff18d581c": "Pumpkin Hill Creek Preserve State Park",
        "18ad932e-fde0-11e9-b88f-0abff18d581c": "Rainbow Springs State Park",
        "18ad9316-fde0-11e9-b88f-0abff18d581c": "Ralph E. Simmons State Forest",
        "177cd78d-fde0-11e9-b88f-0abff18d581c": "Ravine Gardens State Park",
        "94a8c6d8-783b-4f24-9bd5-6c0e8a856ea2": "Rice Creek Conservation Area",
        "d915b2fb-adc8-43ff-bf7c-e54e292b8e16": "River Lakes Conservation Area",
        "177cd82d-fde0-11e9-b88f-0abff18d581c": "River Rise Preserve State Park",
        "168edcef-fde0-11e9-b88f-0abff18d581c": "Roberts Property",
        "177cd7ad-fde0-11e9-b88f-0abff18d581c": "Rock Springs Run State Reserve",
        "168ede1b-fde0-11e9-b88f-0abff18d581c": "Rookery Bay National Estuarine Research Reserve",
        "177cd699-fde0-11e9-b88f-0abff18d581c": "Rookery Bay Reserve Lands",
        "177cd6f5-fde0-11e9-b88f-0abff18d581c": "Ross Prairie State Forest",
        "168edcc7-fde0-11e9-b88f-0abff18d581c": "Rotenberger Wildlife Management Area",
        "753856e8-97df-4e33-a464-6145f599b4f6": "Ruth B. Kirby Gilchrist Blue Springs State Park",
        "168eddd7-fde0-11e9-b88f-0abff18d581c": "S. Y. Hartt Agricultural and Conservation Easement North",
        "168edddb-fde0-11e9-b88f-0abff18d581c": "S. Y. Hartt Agricultural and Conservation Easement South",
        "177cd695-fde0-11e9-b88f-0abff18d581c": "Salt Lake Wildlife Management Area",
        "168edd93-fde0-11e9-b88f-0abff18d581c": "San Felasco Hammock Preserve State Park",
        "18ad9332-fde0-11e9-b88f-0abff18d581c": "San Marcos de Apalache Historic State Park",
        "18ad935e-fde0-11e9-b88f-0abff18d581c": "San Pedro Underwater Archaeological Preserve State Park",
        "ee1c2d9b-a46e-46b3-9d78-3674f4f6a48f": "Sand Lakes Restoration Area",
        "168ede23-fde0-11e9-b88f-0abff18d581c": "Savannas Preserve State Park",
        "177cd651-fde0-11e9-b88f-0abff18d581c": "Seabranch Preserve State Park",
        "168edda3-fde0-11e9-b88f-0abff18d581c": "Sebastian Inlet State Park",
        "2dce3485-252f-409b-aee8-be78c50beb0a": "Seminole Ranch Conservation Area",
        "168ede17-fde0-11e9-b88f-0abff18d581c": "Seminole State Forest",
        "bfe65213-9c98-42dc-881a-44e77739e855": "Silver Springs Forest Conservation Area",
        "177cd735-fde0-11e9-b88f-0abff18d581c": "Silver Springs State Park",
        "168edd87-fde0-11e9-b88f-0abff18d581c": "Skyway Fishing Pier State Park",
        "18ad92ce-fde0-11e9-b88f-0abff18d581c": "Smith Family Farms Agricultural and Conservation Easements",
        "41df7736-7cd9-4dc1-971b-d488a853c233": "South Florida Water Management District",
        "177cd811-fde0-11e9-b88f-0abff18d581c": "Southfork State Park",
        "8a92c352-404a-488c-bba6-218f92d85f86": "Southwest Florida Water Management District",
        "168edcc3-fde0-11e9-b88f-0abff18d581c": "Spirit of the Wild Wildlife Management Area",
        "177cd6f9-fde0-11e9-b88f-0abff18d581c": "Split Oak Forest Wildlife and Environmental Area",
        "177cd791-fde0-11e9-b88f-0abff18d581c": "St. Andrews State Park",
        "e35de25b-602b-4970-bae1-f5919c6424e8": "St. Johns River Water Management District",
        "177cd671-fde0-11e9-b88f-0abff18d581c": "St. Joseph Bay State Buffer Preserve",
        "177cd755-fde0-11e9-b88f-0abff18d581c": "St. Lucie Inlet Preserve State Park",
        "18ad934a-fde0-11e9-b88f-0abff18d581c": "St. Marks River Preserve State Park",
        "168edcd7-fde0-11e9-b88f-0abff18d581c": "St. Sebastian River Preserve State Park",
        "177cd799-fde0-11e9-b88f-0abff18d581c": "Stephen Foster Folk Culture Center State Park",
        "247594ab-54b5-492b-a812-6deac475d63f": "Stokes Landing Conservation Area",
        "168edd67-fde0-11e9-b88f-0abff18d581c": "Stump Pass Beach State Park",
        "d75b3770-1074-4aa5-846d-a1a8ab51b942": "Sunnyhill Restoration Area",
        "168edd53-fde0-11e9-b88f-0abff18d581c": "Suwannee Ridge Wildlife and Environmental Area",
        "177cd79d-fde0-11e9-b88f-0abff18d581c": "Suwannee River State Park",
        "ae038ca8-45ec-4760-aace-9e89d33f6354": "Suwannee River Water Management District",
        "177cd839-fde0-11e9-b88f-0abff18d581c": "Suwannee River Wilderness State Trail",
        "f238fc66-82e5-4cbb-9c6e-e40e0d4f9a02": "T. H. Stone Memorial St. Joseph Peninsula State Park",
        "18ad9356-fde0-11e9-b88f-0abff18d581c": "T. M. Goodwin Waterfowl Management Area",
        "177cd7a9-fde0-11e9-b88f-0abff18d581c": "Tallahassee-St. Marks Historic Railroad State Trail",
        "177cd675-fde0-11e9-b88f-0abff18d581c": "Tarkiln Bayou Preserve State Park",
        "177cd701-fde0-11e9-b88f-0abff18d581c": "Tate's Hell State Forest",
        "177cd711-fde0-11e9-b88f-0abff18d581c": "Tate's Hell Wildlife Management Area",
        "168edcdb-fde0-11e9-b88f-0abff18d581c": "Ten Mile Ridge",
        "168edcbb-fde0-11e9-b88f-0abff18d581c": "Terra Ceia Preserve State Park",
        "18ad9306-fde0-11e9-b88f-0abff18d581c": "The Barnacle Historic State Park",
        "87140b3e-97d1-4f1f-a323-160c582cd2c6": "Thomas Creek Conservation Area",
        "4fb5264b-ea7f-4f55-bb22-d2e2c14534c1": "Three Forks Conservation Area",
        "177cd641-fde0-11e9-b88f-0abff18d581c": "Three Lakes Wildlife Management Area",
        "18ad92d6-fde0-11e9-b88f-0abff18d581c": "Three Rivers State Park",
        "177cd6f1-fde0-11e9-b88f-0abff18d581c": "Tiger Bay State Forest",
        "177cd6e9-fde0-11e9-b88f-0abff18d581c": "Tomoka State Park",
        "168edddf-fde0-11e9-b88f-0abff18d581c": "Topsail Hill Preserve State Park",
        "177cd819-fde0-11e9-b88f-0abff18d581c": "Torreya State Park",
        "18ad92f2-fde0-11e9-b88f-0abff18d581c": "Tortugas Ecological Reserve",
        "18ad935a-fde0-11e9-b88f-0abff18d581c": "Tosohatchee Wildlife Management Area",
        "168eddcb-fde0-11e9-b88f-0abff18d581c": "Triple N Ranch Wildlife Management Area",
        "168edd4b-fde0-11e9-b88f-0abff18d581c": "Troy Spring State Park",
        "ee6f6a83-7690-473a-9d67-9a0b68e0eee0": "Turnbull Hammock Conservation Area",
        "04052285-92ff-410d-a5f3-ed7f985e0f55": "Twelve Mile Swamp Conservation Area",
        "177cd7e1-fde0-11e9-b88f-0abff18d581c": "Twin Rivers State Forest",
        "177cd805-fde0-11e9-b88f-0abff18d581c": "Waccasassa Bay Preserve State Park",
        "177cd7f1-fde0-11e9-b88f-0abff18d581c": "Wakulla State Forest",
        "18ad92b6-fde0-11e9-b88f-0abff18d581c": "Washington Oaks Gardens State Park",
        "18ad933a-fde0-11e9-b88f-0abff18d581c": "Watermelon Pond Wildlife and Environmental Area",
        "18ad931a-fde0-11e9-b88f-0abff18d581c": "Watson Island State Forest",
        "177cd655-fde0-11e9-b88f-0abff18d581c": "Weeki Wachee Springs State Park",
        "59a316e6-a386-4895-9ccb-0d55b86ca1e7": "Wekiva River Buffer Conservation Area",
        "168edda7-fde0-11e9-b88f-0abff18d581c": "Wekiwa Springs State Park",
        "18ad936e-fde0-11e9-b88f-0abff18d581c": "Welaka State Forest",
        "18ad930a-fde0-11e9-b88f-0abff18d581c": "Werner-Boyce Salt Springs State Park",
        "168edc83-fde0-11e9-b88f-0abff18d581c": "Wes Skiles Peacock Springs State Park",
        "177cd669-fde0-11e9-b88f-0abff18d581c": "Windley Key Fossil Reef Geological State Park",
        "177cd81d-fde0-11e9-b88f-0abff18d581c": "Wingate Creek State Park",
        "18ad92ca-fde0-11e9-b88f-0abff18d581c": "Withlacoochee State Forest",
        "177cd72d-fde0-11e9-b88f-0abff18d581c": "Withlacoochee State Trail",
        "177cd7fd-fde0-11e9-b88f-0abff18d581c": "XL Ranch Agricultural and Conservation Easement",
        "177cd6e1-fde0-11e9-b88f-0abff18d581c": "Ybor City Museum State Park",
        "18ad9336-fde0-11e9-b88f-0abff18d581c": "Yellow Bluff Fort Historic State Park",
        "18ad929e-fde0-11e9-b88f-0abff18d581c": "Yellow River Marsh Preserve State Park",
        "168edcb3-fde0-11e9-b88f-0abff18d581c": "Yucca Pens Unit",
        "18ad9362-fde0-11e9-b88f-0abff18d581c": "Yulee Sugar Mill Ruins Historic State Park"
    },
    "Managing Agency": {
        "e6c345a1-fd17-4691-8415-48690cb6380b": "FL Dept. of Agriculture and Consumer Services, Florida Forest Service",
        "13988bf3-497a-4ce5-9d34-a50c7fce23fb": "FL Dept. of Environmental Protection, Div. of Recreation and Parks",
        "c9d7b1f2-11d3-4452-b2e2-ba8501d2adc8": "FL Dept. of Environmental Protection, Florida Coastal Office",
        "fe8e712a-e401-4cd4-9fc9-8a7b7a7ffeb8": "FL Dept. of Environmental Protection, Office of Water Policy",
        "9c0ea5ed-7d91-4905-85b3-fc00fb6b275f": "FL Fish and Wildlife Conservation Commission"
    },
    "Ownership": {
        "bd34e35e-7b2a-46a3-9557-2b764a2a1785": "City",
        "c57a4eba-2a25-465d-8760-d720550b47f0": "County",
        "04a98be3-d01c-4390-9f8c-dec5504b2159": "Federal",
        "00ca9b7e-1c34-452e-ac99-90a9f6a3f394": "Foreign",
        "5aac72dc-ae0a-402d-b532-bdaceee83e8e": "Local government",
        "8ca351b6-13de-408a-b903-a9822cc6ae0b": "Multiple categories of ownership",
        "1fe6e515-2b32-4024-8944-d5e428838851": "Native American",
        "164a94cc-165b-4f97-bcff-7b2b7f21144a": "Other",
        "a6e13fca-16e4-49bb-ae3d-ab68181d9a97": "Private-corporate-for profit",
        "e107fd5d-3097-4140-a703-51c48a9bb65c": "Private-corporate-nonprofit",
        "f6fcabaf-b7a8-48eb-85e5-1e70910cfc33": "Private-individual",
        "e4553e69-8d32-46a3-86dc-6cc7a6613066": "Private-unspecified",
        "a705acba-8e8a-44bb-be42-af007a58d3dc": "Public-unspecified",
        "269c96fb-98e1-42fb-8fe2-145757795863": "State",
        "8ca643f2-e717-492d-85dd-3272d174b2e8": "Unknown",
        "f6c8c171-2af2-42b8-9f70-4658eff57a6a": "Unspecified by Surveyor"
    },
    "Plot Method": {
        "43dea8e8-3dd6-494c-b7e2-d7e2e7750b34": "D",
        "f21b3330-c64c-460d-b6c7-d28dc7fc91b1": "M",
        "2fc96b3a-5874-4aec-bc28-92838b764c9e": "X"
    },
    "Plot Type": {
        "4a8340fa-d0bd-4035-a2a4-2f68a104f1f6": "GV",
        "62ac28a5-b628-4c71-9c8d-94bb4fbfdf6d": "NORM"
    },
    "SHPO Significance": {
        "efddfc83-a9a6-4760-8634-4f6d7eb6f950": "Eligible for NRHP",
        "ef8642bd-c558-4914-b544-0dd966987e42": "Ineligible for NRHP",
        "313bb781-3c7c-456d-9b11-9b0ed980cee7": "Insufficient Information",
        "6fdf6bd2-7ad4-4a6e-941d-013a11fc9028": "Not Evaluated by SHPO",
        "a9f511f1-ea2b-45fc-85c0-753cd03244fc": "Potentially Eligible for NRHP"
    },
    "Surveyor Evaluation": {
        "f2e2a90a-3b59-434c-92b3-e7092f7755ba": "Eligible for NRHP",
        "66517b97-1c9e-4c1f-9c4b-4da30ae186b9": "Ineligible for NRHP",
        "98883116-74d7-4533-9ce3-798098cf60e6": "Insufficient Information",
        "ad7e2b77-e0ef-44c6-b776-d06461b4eb08": "Likely NRHP Eligible",
        "66885eee-91e3-4cfe-86f3-66cb75166bad": "More Work Recommended",
        "8a8c9434-e6fc-4faa-94c2-e6d6e4b2b971": "No Further Work Recommended",
        "68242687-a1bd-4725-97bf-b9beeb226b22": "Not Evaluated by Recorder",
        "48556455-c28b-4481-869d-9fbf23cbca02": "Preservation Not Recommended",
        "a7d2ba07-c58c-4c30-ae46-588e09bb1271": "Preservation Recommended"
    },
    "SurveyorEvaluationDist": {
        "1a8a46b5-d1c4-497b-b0bb-c7575c77fef0": "Ineligible as contributor to NR district",
        "33c34c00-bc75-46f2-af64-9212c8eb3c8d": "Insufficient data to judge eligibility",
        "8907ca4c-4a43-4a54-a306-8d3fb29da174": "Likely contributor to NR district",
        "a55f91cc-dd64-4c83-9648-3ac005363dbb": "More work recommended",
        "d5fd3546-6d04-4dea-ae8c-484ee66f2eb9": "No further work recommended",
        "e6c9c220-09f3-4e3b-ad9a-7bb45a91f689": "Not Evaluated by Recorder",
        "53247ecf-0e82-414f-8a8f-0af397373f80": "Potential contributor to NR district",
        "74c682bb-da01-4de1-b3d5-54832c3c5404": "Preservation not recommended",
        "2b8c7210-4349-4b07-88a5-21890ef522cd": "Preservation recommended"
    },
    "Resource to Resource Relationship Types": {
        "ac41d9be-79db-4256-b368-2f4559cfbe55": "is related to"
    }
}